timestamp,venue,intercept_type,reflex_latency_us,gas_burned,simulated_loss_prevented_usd,gas_saved_usd,status
2026-09-14T03:13:27.287Z,gmx,SOIL_RESISTANCE_TRIP,2.5,0.000000,6340.00,0.25,FAIL_CLOSED
2026-09-14T03:19:14.275Z,pendle,MAX_ATTEMPTS_SEVERED,10.3,0.000000,40515.00,0.25,FAIL_CLOSED
2026-09-14T03:25:01.263Z,usdai,OBSERVATORY_HAIRCUT,44.0,0.000000,47526.00,0.25,FAIL_CLOSED
2026-09-14T03:30:48.251Z,usdai,OBSERVATORY_HAIRCUT,39.4,0.000000,29278.00,0.25,FAIL_CLOSED
2026-09-14T03:36:35.239Z,usdai,OBSERVATORY_HAIRCUT,41.4,0.000000,41031.00,0.25,FAIL_CLOSED
2026-09-14T03:42:22.227Z,gmx,SOIL_RESISTANCE_TRIP,6.5,0.000000,5928.00,0.25,FAIL_CLOSED
2026-09-14T03:48:09.215Z,gmx,OBSERVATORY_HAIRCUT,39.2,0.000000,34536.00,0.25,FAIL_CLOSED
2026-09-14T03:53:56.203Z,gmx,SOIL_RESISTANCE_TRIP,4.0,0.000000,13763.00,0.25,FAIL_CLOSED
2026-09-14T03:59:43.191Z,gmx,OBSERVATORY_HAIRCUT,43.5,0.000000,28041.00,0.25,FAIL_CLOSED
2026-09-14T04:05:30.179Z,gmx,MAX_ATTEMPTS_SEVERED,7.3,0.000000,43196.00,0.25,FAIL_CLOSED
2026-09-14T04:11:17.167Z,gmx,MAX_ATTEMPTS_SEVERED,9.5,0.000000,31031.00,0.25,FAIL_CLOSED
2026-09-14T04:17:04.154Z,hyperliquid,HONEYPOT_DECOY,17.4,0.000000,7216.00,0.25,FAIL_CLOSED
2026-09-14T04:22:51.142Z,variational,SOIL_RESISTANCE_TRIP,8.1,0.000000,13351.00,0.25,FAIL_CLOSED
2026-09-14T04:28:38.130Z,usdai,OBSERVATORY_HAIRCUT,40.8,0.000000,26804.00,0.25,FAIL_CLOSED
2026-09-14T04:34:25.118Z,gmx,OBSERVATORY_HAIRCUT,42.7,0.000000,38557.00,0.25,FAIL_CLOSED
2026-09-14T04:40:12.106Z,usdai,HONEYPOT_DECOY,19.2,0.000000,5052.00,0.25,FAIL_CLOSED
2026-09-14T04:45:59.094Z,pendle,MAX_ATTEMPTS_SEVERED,9.1,0.000000,38041.00,0.25,FAIL_CLOSED
2026-09-14T04:51:46.082Z,pendle,MAX_ATTEMPTS_SEVERED,11.1,0.000000,45876.00,0.25,FAIL_CLOSED
2026-09-14T04:57:33.070Z,pendle,OBSERVATORY_HAIRCUT,44.7,0.000000,25567.00,0.25,FAIL_CLOSED
2026-09-14T05:03:20.058Z,usdai,OBSERVATORY_HAIRCUT,40.2,0.000000,37320.00,0.25,FAIL_CLOSED
2026-09-14T05:09:07.046Z,gmx,SOIL_RESISTANCE_TRIP,5.1,0.000000,14691.00,0.25,FAIL_CLOSED
2026-09-14T05:14:54.034Z,variational,SOIL_RESISTANCE_TRIP,7.3,0.000000,8608.00,0.25,FAIL_CLOSED
2026-09-14T05:20:41.022Z,gmx,OBSERVATORY_HAIRCUT,39.7,0.000000,42577.00,0.25,FAIL_CLOSED
2026-09-14T05:26:28.010Z,usdai,OBSERVATORY_HAIRCUT,42.0,0.000000,24330.00,0.25,FAIL_CLOSED
2026-09-14T05:32:14.998Z,gmx,OBSERVATORY_HAIRCUT,44.3,0.000000,36082.00,0.25,FAIL_CLOSED
2026-09-14T05:38:01.986Z,gmx,MAX_ATTEMPTS_SEVERED,8.1,0.000000,48557.00,0.25,FAIL_CLOSED
2026-09-14T05:43:48.974Z,hyperliquid,SOIL_RESISTANCE_TRIP,4.6,0.000000,8196.00,0.25,FAIL_CLOSED
2026-09-14T05:49:35.962Z,hyperliquid,SOIL_RESISTANCE_TRIP,6.6,0.000000,12113.00,0.25,FAIL_CLOSED
2026-09-14T05:55:22.950Z,hyperliquid,SOIL_RESISTANCE_TRIP,2.1,0.000000,6031.00,0.25,FAIL_CLOSED
2026-09-14T06:01:09.938Z,usdai,OBSERVATORY_HAIRCUT,41.5,0.000000,34845.00,0.25,FAIL_CLOSED
2026-09-14T06:06:56.926Z,usdai,SOIL_RESISTANCE_TRIP,6.3,0.000000,13866.00,0.25,FAIL_CLOSED
2026-09-14T06:12:43.914Z,gmx,SOIL_RESISTANCE_TRIP,1.8,0.000000,7784.00,0.25,FAIL_CLOSED
2026-09-14T06:18:30.901Z,pendle,MAX_ATTEMPTS_SEVERED,9.9,0.000000,43402.00,0.25,FAIL_CLOSED
2026-09-14T06:24:17.889Z,usdai,OBSERVATORY_HAIRCUT,43.3,0.000000,21856.00,0.25,FAIL_CLOSED
2026-09-14T06:30:04.877Z,usdai,OBSERVATORY_HAIRCUT,38.8,0.000000,33608.00,0.25,FAIL_CLOSED
2026-09-14T06:35:51.865Z,usdai,OBSERVATORY_HAIRCUT,40.8,0.000000,45361.00,0.25,FAIL_CLOSED
2026-09-14T06:41:38.853Z,gmx,SOIL_RESISTANCE_TRIP,5.8,0.000000,7371.00,0.25,FAIL_CLOSED
2026-09-14T06:47:25.841Z,gmx,OBSERVATORY_HAIRCUT,45.3,0.000000,38866.00,0.25,FAIL_CLOSED
2026-09-14T06:53:12.829Z,gmx,SOIL_RESISTANCE_TRIP,3.4,0.000000,5206.00,0.25,FAIL_CLOSED
2026-09-14T06:58:59.817Z,gmx,OBSERVATORY_HAIRCUT,42.9,0.000000,32371.00,0.25,FAIL_CLOSED
2026-09-14T07:04:46.805Z,gmx,MAX_ATTEMPTS_SEVERED,13.4,0.000000,46082.00,0.25,FAIL_CLOSED
2026-09-14T07:10:33.793Z,gmx,MAX_ATTEMPTS_SEVERED,8.9,0.000000,33918.00,0.25,FAIL_CLOSED
2026-09-14T07:16:20.781Z,hyperliquid,HONEYPOT_DECOY,16.8,0.000000,7938.00,0.25,FAIL_CLOSED
2026-09-14T07:22:07.769Z,variational,SOIL_RESISTANCE_TRIP,7.4,0.000000,14794.00,0.25,FAIL_CLOSED
2026-09-14T07:27:54.757Z,hyperliquid,MAX_ATTEMPTS_SEVERED,8.6,0.000000,37423.00,0.25,FAIL_CLOSED
2026-09-14T07:33:41.745Z,variational,OBSERVATORY_HAIRCUT,42.3,0.000000,42887.00,0.25,FAIL_CLOSED
2026-09-14T07:39:28.733Z,usdai,HONEYPOT_DECOY,18.6,0.000000,5773.00,0.25,FAIL_CLOSED
2026-09-14T07:45:15.721Z,pendle,MAX_ATTEMPTS_SEVERED,8.5,0.000000,40928.00,0.25,FAIL_CLOSED
2026-09-14T07:51:02.709Z,pendle,MAX_ATTEMPTS_SEVERED,10.4,0.000000,48763.00,0.25,FAIL_CLOSED
2026-09-14T07:56:49.697Z,pendle,SOIL_RESISTANCE_TRIP,6.9,0.000000,8299.00,0.25,FAIL_CLOSED
2026-09-14T08:02:36.685Z,usdai,OBSERVATORY_HAIRCUT,39.6,0.000000,41649.00,0.25,FAIL_CLOSED
2026-09-14T08:08:23.673Z,gmx,SOIL_RESISTANCE_TRIP,4.4,0.000000,6134.00,0.25,FAIL_CLOSED
2026-09-14T08:14:10.660Z,variational,SOIL_RESISTANCE_TRIP,6.7,0.000000,10052.00,0.25,FAIL_CLOSED
2026-09-14T08:19:57.648Z,gmx,OBSERVATORY_HAIRCUT,39.1,0.000000,46907.00,0.25,FAIL_CLOSED
2026-09-14T08:25:44.636Z,usdai,OBSERVATORY_HAIRCUT,41.4,0.000000,28660.00,0.25,FAIL_CLOSED
2026-09-14T08:31:31.624Z,gmx,OBSERVATORY_HAIRCUT,43.6,0.000000,40412.00,0.25,FAIL_CLOSED
2026-09-14T08:37:18.612Z,gmx,MAX_ATTEMPTS_SEVERED,7.4,0.000000,31443.00,0.25,FAIL_CLOSED
2026-09-14T08:43:05.600Z,hyperliquid,HONEYPOT_DECOY,15.3,0.000000,7320.00,0.25,FAIL_CLOSED
2026-09-14T08:48:52.588Z,hyperliquid,HONEYPOT_DECOY,17.6,0.000000,9278.00,0.25,FAIL_CLOSED
2026-09-14T08:54:39.576Z,hyperliquid,SOIL_RESISTANCE_TRIP,8.2,0.000000,7474.00,0.25,FAIL_CLOSED
2026-09-14T09:00:26.564Z,usdai,OBSERVATORY_HAIRCUT,40.9,0.000000,39175.00,0.25,FAIL_CLOSED
2026-09-14T09:06:13.552Z,gmx,OBSERVATORY_HAIRCUT,42.9,0.000000,20928.00,0.25,FAIL_CLOSED
2026-09-14T09:12:00.540Z,gmx,SOIL_RESISTANCE_TRIP,7.9,0.000000,9227.00,0.25,FAIL_CLOSED
2026-09-14T09:17:47.528Z,pendle,MAX_ATTEMPTS_SEVERED,9.2,0.000000,46289.00,0.25,FAIL_CLOSED
2026-09-14T09:23:34.516Z,usdai,OBSERVATORY_HAIRCUT,42.7,0.000000,26186.00,0.25,FAIL_CLOSED
2026-09-14T09:29:21.504Z,usdai,OBSERVATORY_HAIRCUT,45.0,0.000000,37938.00,0.25,FAIL_CLOSED
2026-09-14T09:35:08.492Z,usdai,OBSERVATORY_HAIRCUT,40.1,0.000000,49691.00,0.25,FAIL_CLOSED
2026-09-14T09:40:55.480Z,gmx,SOIL_RESISTANCE_TRIP,5.2,0.000000,8814.00,0.25,FAIL_CLOSED
2026-09-14T09:46:42.468Z,gmx,OBSERVATORY_HAIRCUT,44.7,0.000000,43196.00,0.25,FAIL_CLOSED
2026-09-14T09:52:29.456Z,gmx,SOIL_RESISTANCE_TRIP,2.7,0.000000,6649.00,0.25,FAIL_CLOSED
2026-09-14T09:58:16.444Z,gmx,OBSERVATORY_HAIRCUT,42.1,0.000000,36701.00,0.25,FAIL_CLOSED
2026-09-14T10:04:03.432Z,gmx,MAX_ATTEMPTS_SEVERED,13.0,0.000000,48969.00,0.25,FAIL_CLOSED
2026-09-14T10:09:50.420Z,gmx,MAX_ATTEMPTS_SEVERED,8.3,0.000000,36804.00,0.25,FAIL_CLOSED
2026-09-14T10:15:37.407Z,hyperliquid,HONEYPOT_DECOY,16.2,0.000000,8660.00,0.25,FAIL_CLOSED
2026-09-14T10:21:24.395Z,variational,SOIL_RESISTANCE_TRIP,6.7,0.000000,6237.00,0.25,FAIL_CLOSED
2026-09-14T10:27:11.383Z,hyperliquid,MAX_ATTEMPTS_SEVERED,8.0,0.000000,40309.00,0.25,FAIL_CLOSED
2026-09-14T10:32:58.371Z,variational,OBSERVATORY_HAIRCUT,41.7,0.000000,47216.00,0.25,FAIL_CLOSED
2026-09-14T10:38:45.359Z,usdai,SOIL_RESISTANCE_TRIP,6.5,0.000000,7990.00,0.25,FAIL_CLOSED
2026-09-14T10:44:32.347Z,gmx,SOIL_RESISTANCE_TRIP,2.0,0.000000,11907.00,0.25,FAIL_CLOSED
2026-09-14T10:50:19.335Z,pendle,MAX_ATTEMPTS_SEVERED,9.8,0.000000,31649.00,0.25,FAIL_CLOSED
2026-09-14T10:56:06.323Z,pendle,SOIL_RESISTANCE_TRIP,6.3,0.000001,0.00,0.00,ALLOW
2026-09-14T11:01:53.311Z,usdai,OBSERVATORY_HAIRCUT,38.9,0.000000,45979.00,0.25,FAIL_CLOSED
2026-09-14T11:07:40.299Z,gmx,SOIL_RESISTANCE_TRIP,3.7,0.000000,7577.00,0.25,FAIL_CLOSED
2026-09-14T11:13:27.287Z,variational,SOIL_RESISTANCE_TRIP,6.0,0.000000,11495.00,0.25,FAIL_CLOSED
2026-09-14T11:19:14.275Z,gmx,OBSERVATORY_HAIRCUT,45.5,0.000000,21237.00,0.25,FAIL_CLOSED
2026-09-14T11:25:01.263Z,usdai,OBSERVATORY_HAIRCUT,40.7,0.000000,32990.00,0.25,FAIL_CLOSED
2026-09-14T11:30:48.251Z,gmx,OBSERVATORY_HAIRCUT,43.0,0.000000,44742.00,0.25,FAIL_CLOSED
2026-09-14T11:36:35.239Z,gmx,MAX_ATTEMPTS_SEVERED,13.6,0.000000,34330.00,0.25,FAIL_CLOSED
2026-09-14T11:42:22.227Z,hyperliquid,HONEYPOT_DECOY,14.7,0.000000,8041.00,0.25,FAIL_CLOSED
2026-09-14T11:48:09.215Z,hyperliquid,HONEYPOT_DECOY,16.9,0.000000,5000.00,0.25,FAIL_CLOSED
2026-09-14T11:53:56.203Z,hyperliquid,SOIL_RESISTANCE_TRIP,7.6,0.000000,8918.00,0.25,FAIL_CLOSED
2026-09-14T11:59:43.191Z,usdai,OBSERVATORY_HAIRCUT,40.3,0.000000,43505.00,0.25,FAIL_CLOSED
2026-09-14T12:05:30.179Z,gmx,OBSERVATORY_HAIRCUT,42.2,0.000000,25258.00,0.25,FAIL_CLOSED
2026-09-14T12:11:17.167Z,usdai,HONEYPOT_DECOY,18.7,0.000000,7835.00,0.25,FAIL_CLOSED
2026-09-14T12:17:04.154Z,pendle,MAX_ATTEMPTS_SEVERED,8.6,0.000000,49175.00,0.25,FAIL_CLOSED
2026-09-14T12:22:51.142Z,usdai,OBSERVATORY_HAIRCUT,42.0,0.000000,30515.00,0.25,FAIL_CLOSED
2026-09-14T12:28:38.130Z,usdai,OBSERVATORY_HAIRCUT,44.2,0.000000,42268.00,0.25,FAIL_CLOSED
2026-09-14T12:34:25.118Z,usdai,OBSERVATORY_HAIRCUT,39.7,0.000000,24021.00,0.25,FAIL_CLOSED
2026-09-14T12:40:12.106Z,gmx,SOIL_RESISTANCE_TRIP,4.6,0.000000,10258.00,0.25,FAIL_CLOSED
2026-09-14T12:45:59.094Z,gmx,OBSERVATORY_HAIRCUT,44.1,0.000000,47526.00,0.25,FAIL_CLOSED
2026-09-14T12:51:46.082Z,gmx,SOIL_RESISTANCE_TRIP,2.0,0.000000,8093.00,0.25,FAIL_CLOSED
2026-09-14T12:57:33.070Z,gmx,OBSERVATORY_HAIRCUT,41.5,0.000000,41031.00,0.25,FAIL_CLOSED
2026-09-14T13:03:20.058Z,gmx,MAX_ATTEMPTS_SEVERED,12.4,0.000000,31856.00,0.25,FAIL_CLOSED
2026-09-14T13:09:07.046Z,gmx,MAX_ATTEMPTS_SEVERED,7.7,0.000000,39691.00,0.25,FAIL_CLOSED
2026-09-14T13:14:54.034Z,hyperliquid,HONEYPOT_DECOY,15.5,0.000000,9381.00,0.25,FAIL_CLOSED
2026-09-14T13:20:41.022Z,variational,SOIL_RESISTANCE_TRIP,6.1,0.000000,7680.00,0.25,FAIL_CLOSED
2026-09-14T13:26:28.010Z,hyperliquid,MAX_ATTEMPTS_SEVERED,7.4,0.000000,43196.00,0.25,FAIL_CLOSED
2026-09-14T13:32:14.998Z,variational,OBSERVATORY_HAIRCUT,41.0,0.000000,21546.00,0.25,FAIL_CLOSED
2026-09-14T13:38:01.986Z,usdai,SOIL_RESISTANCE_TRIP,5.8,0.000000,9433.00,0.25,FAIL_CLOSED
2026-09-14T13:43:48.974Z,gmx,SOIL_RESISTANCE_TRIP,8.1,0.000000,13351.00,0.25,FAIL_CLOSED
2026-09-14T13:49:35.962Z,pendle,MAX_ATTEMPTS_SEVERED,9.4,0.000000,34536.00,0.25,FAIL_CLOSED
2026-09-14T13:55:22.950Z,variational,HONEYPOT_DECOY,17.0,0.000000,8093.00,0.25,FAIL_CLOSED
2026-09-14T14:01:09.938Z,usdai,OBSERVATORY_HAIRCUT,45.1,0.000000,20309.00,0.25,FAIL_CLOSED
2026-09-14T14:06:56.926Z,gmx,SOIL_RESISTANCE_TRIP,3.1,0.000000,9021.00,0.25,FAIL_CLOSED
2026-09-14T14:12:43.914Z,gmx,SOIL_RESISTANCE_TRIP,5.4,0.000000,12938.00,0.25,FAIL_CLOSED
2026-09-14T14:18:30.901Z,gmx,OBSERVATORY_HAIRCUT,44.8,0.000000,25567.00,0.25,FAIL_CLOSED
2026-09-14T14:24:17.889Z,usdai,OBSERVATORY_HAIRCUT,40.1,0.000000,37320.00,0.25,FAIL_CLOSED
2026-09-14T14:30:04.877Z,gmx,OBSERVATORY_HAIRCUT,42.4,0.000000,49072.00,0.25,FAIL_CLOSED
2026-09-14T14:35:51.865Z,gmx,MAX_ATTEMPTS_SEVERED,12.9,0.000000,37216.00,0.25,FAIL_CLOSED
2026-09-14T14:41:38.853Z,hyperliquid,HONEYPOT_DECOY,14.0,0.000000,8763.00,0.25,FAIL_CLOSED
2026-09-14T14:47:25.841Z,hyperliquid,HONEYPOT_DECOY,16.3,0.000000,5722.00,0.25,FAIL_CLOSED
2026-09-14T14:53:12.829Z,hyperliquid,SOIL_RESISTANCE_TRIP,6.9,0.000000,10361.00,0.25,FAIL_CLOSED
2026-09-14T14:58:59.817Z,usdai,OBSERVATORY_HAIRCUT,39.5,0.000000,47835.00,0.25,FAIL_CLOSED
2026-09-14T15:04:46.805Z,gmx,OBSERVATORY_HAIRCUT,41.8,0.000000,29588.00,0.25,FAIL_CLOSED
2026-09-14T15:10:33.793Z,usdai,HONEYPOT_DECOY,18.1,0.000000,8557.00,0.25,FAIL_CLOSED
2026-09-14T15:16:20.781Z,pendle,MAX_ATTEMPTS_SEVERED,8.0,0.000000,32062.00,0.25,FAIL_CLOSED
2026-09-14T15:22:07.769Z,usdai,OBSERVATORY_HAIRCUT,41.3,0.000000,34845.00,0.25,FAIL_CLOSED
2026-09-14T15:27:54.757Z,usdai,OBSERVATORY_HAIRCUT,43.6,0.000000,46598.00,0.25,FAIL_CLOSED
2026-09-14T15:33:41.745Z,usdai,OBSERVATORY_HAIRCUT,39.1,0.000000,28351.00,0.25,FAIL_CLOSED
2026-09-14T15:39:28.733Z,gmx,SOIL_RESISTANCE_TRIP,4.0,0.000000,11701.00,0.25,FAIL_CLOSED
2026-09-14T15:45:15.721Z,gmx,OBSERVATORY_HAIRCUT,43.4,0.000000,21856.00,0.25,FAIL_CLOSED
2026-09-14T15:51:02.709Z,gmx,SOIL_RESISTANCE_TRIP,1.4,0.000000,9536.00,0.25,FAIL_CLOSED
2026-09-14T15:56:49.697Z,gmx,OBSERVATORY_HAIRCUT,40.9,0.000000,45361.00,0.25,FAIL_CLOSED
2026-09-14T16:02:36.685Z,gmx,MAX_ATTEMPTS_SEVERED,11.7,0.000000,34742.00,0.25,FAIL_CLOSED
2026-09-14T16:08:23.673Z,gmx,MAX_ATTEMPTS_SEVERED,13.7,0.000000,42577.00,0.25,FAIL_CLOSED
2026-09-14T16:14:10.660Z,hyperliquid,HONEYPOT_DECOY,14.8,0.000000,5103.00,0.25,FAIL_CLOSED
2026-09-14T16:19:57.648Z,variational,SOIL_RESISTANCE_TRIP,5.7,0.000000,9124.00,0.25,FAIL_CLOSED
2026-09-14T16:25:44.636Z,hyperliquid,MAX_ATTEMPTS_SEVERED,13.5,0.000000,46082.00,0.25,FAIL_CLOSED
2026-09-14T16:31:31.624Z,variational,OBSERVATORY_HAIRCUT,40.4,0.000000,25876.00,0.25,FAIL_CLOSED
2026-09-14T16:37:18.612Z,usdai,SOIL_RESISTANCE_TRIP,5.2,0.000000,10876.00,0.25,FAIL_CLOSED
2026-09-14T16:43:05.600Z,gmx,SOIL_RESISTANCE_TRIP,7.5,0.000000,14794.00,0.25,FAIL_CLOSED
2026-09-14T16:48:52.588Z,pendle,MAX_ATTEMPTS_SEVERED,8.7,0.000000,37423.00,0.25,FAIL_CLOSED
2026-09-14T16:54:39.576Z,variational,HONEYPOT_DECOY,16.4,0.000000,8814.00,0.25,FAIL_CLOSED
2026-09-14T17:00:26.564Z,usdai,OBSERVATORY_HAIRCUT,44.5,0.000000,24639.00,0.25,FAIL_CLOSED
2026-09-14T17:06:13.552Z,gmx,SOIL_RESISTANCE_TRIP,2.5,0.000000,10464.00,0.25,FAIL_CLOSED
2026-09-14T17:12:00.540Z,gmx,SOIL_RESISTANCE_TRIP,4.7,0.000000,14381.00,0.25,FAIL_CLOSED
2026-09-14T17:17:47.528Z,gmx,OBSERVATORY_HAIRCUT,44.2,0.000000,29897.00,0.25,FAIL_CLOSED
2026-09-14T17:23:34.516Z,usdai,OBSERVATORY_HAIRCUT,39.4,0.000000,41649.00,0.25,FAIL_CLOSED
2026-09-14T17:29:21.504Z,gmx,OBSERVATORY_HAIRCUT,41.6,0.000000,23402.00,0.25,FAIL_CLOSED
2026-09-14T17:35:08.492Z,gmx,MAX_ATTEMPTS_SEVERED,12.5,0.000000,40103.00,0.25,FAIL_CLOSED
2026-09-14T17:40:55.480Z,hyperliquid,SOIL_RESISTANCE_TRIP,2.0,0.000000,13969.00,0.25,FAIL_CLOSED
2026-09-14T17:46:42.468Z,hyperliquid,HONEYPOT_DECOY,15.7,0.000000,6443.00,0.25,FAIL_CLOSED
2026-09-14T17:52:29.456Z,hyperliquid,SOIL_RESISTANCE_TRIP,6.2,0.000000,11804.00,0.25,FAIL_CLOSED
2026-09-14T17:58:16.444Z,usdai,OBSERVATORY_HAIRCUT,38.9,0.000000,22165.00,0.25,FAIL_CLOSED
2026-09-14T18:04:03.432Z,gmx,OBSERVATORY_HAIRCUT,41.2,0.000000,33918.00,0.25,FAIL_CLOSED
2026-09-14T18:09:50.420Z,usdai,HONEYPOT_DECOY,17.5,0.000000,9278.00,0.25,FAIL_CLOSED
2026-09-14T18:15:37.407Z,pendle,MAX_ATTEMPTS_SEVERED,14.1,0.000000,34948.00,0.25,FAIL_CLOSED
2026-09-14T18:21:24.395Z,pendle,MAX_ATTEMPTS_SEVERED,9.3,0.000000,42784.00,0.25,FAIL_CLOSED
2026-09-14T18:27:11.383Z,usdai,OBSERVATORY_HAIRCUT,43.0,0.000000,20928.00,0.25,FAIL_CLOSED
2026-09-14T18:32:58.371Z,usdai,OBSERVATORY_HAIRCUT,45.2,0.000000,32680.00,0.25,FAIL_CLOSED
2026-09-14T18:38:45.359Z,gmx,SOIL_RESISTANCE_TRIP,3.2,0.000000,13144.00,0.25,FAIL_CLOSED
2026-09-14T18:44:32.347Z,gmx,OBSERVATORY_HAIRCUT,42.7,0.000000,26186.00,0.25,FAIL_CLOSED
2026-09-14T18:50:19.335Z,gmx,SOIL_RESISTANCE_TRIP,7.8,0.000000,10979.00,0.25,FAIL_CLOSED
2026-09-14T18:56:06.323Z,gmx,OBSERVATORY_HAIRCUT,40.2,0.000000,49691.00,0.25,FAIL_CLOSED
2026-09-14T19:01:53.311Z,gmx,MAX_ATTEMPTS_SEVERED,11.1,0.000000,37629.00,0.25,FAIL_CLOSED
2026-09-14T19:07:40.299Z,gmx,MAX_ATTEMPTS_SEVERED,13.1,0.000000,45464.00,0.25,FAIL_CLOSED
2026-09-14T19:13:27.287Z,hyperliquid,HONEYPOT_DECOY,14.2,0.000000,5825.00,0.25,FAIL_CLOSED
2026-09-14T19:19:14.275Z,variational,SOIL_RESISTANCE_TRIP,5.0,0.000000,10567.00,0.25,FAIL_CLOSED
2026-09-14T19:25:01.263Z,hyperliquid,MAX_ATTEMPTS_SEVERED,12.9,0.000000,48969.00,0.25,FAIL_CLOSED
2026-09-14T19:30:48.251Z,variational,OBSERVATORY_HAIRCUT,39.8,0.000000,30206.00,0.25,FAIL_CLOSED
2026-09-14T19:36:35.239Z,usdai,SOIL_RESISTANCE_TRIP,4.6,0.000000,12320.00,0.25,FAIL_CLOSED
2026-09-14T19:42:22.227Z,gmx,SOIL_RESISTANCE_TRIP,6.8,0.000000,6237.00,0.25,FAIL_CLOSED
2026-09-14T19:48:09.215Z,pendle,MAX_ATTEMPTS_SEVERED,8.1,0.000000,40309.00,0.25,FAIL_CLOSED
2026-09-14T19:53:56.203Z,variational,HONEYPOT_DECOY,15.7,0.000000,9536.00,0.25,FAIL_CLOSED
2026-09-14T19:59:43.191Z,usdai,OBSERVATORY_HAIRCUT,43.7,0.000000,28969.00,0.25,FAIL_CLOSED
2026-09-14T20:05:30.179Z,gmx,SOIL_RESISTANCE_TRIP,2.0,0.000000,11907.00,0.25,FAIL_CLOSED
2026-09-14T20:11:17.167Z,gmx,SOIL_RESISTANCE_TRIP,4.1,0.000000,5825.00,0.25,FAIL_CLOSED
2026-09-14T20:17:04.154Z,gmx,OBSERVATORY_HAIRCUT,43.6,0.000000,34227.00,0.25,FAIL_CLOSED
2026-09-14T20:22:51.142Z,usdai,OBSERVATORY_HAIRCUT,38.7,0.000000,45979.00,0.25,FAIL_CLOSED
2026-09-14T20:28:38.130Z,gmx,OBSERVATORY_HAIRCUT,41.0,0.000000,27732.00,0.25,FAIL_CLOSED
2026-09-14T20:34:25.118Z,gmx,MAX_ATTEMPTS_SEVERED,11.9,0.000000,42990.00,0.25,FAIL_CLOSED
2026-09-14T20:40:12.106Z,hyperliquid,SOIL_RESISTANCE_TRIP,8.2,0.000000,5412.00,0.25,FAIL_CLOSED
2026-09-14T20:45:59.094Z,hyperliquid,HONEYPOT_DECOY,15.0,0.000000,7165.00,0.25,FAIL_CLOSED
2026-09-14T20:51:46.082Z,hyperliquid,SOIL_RESISTANCE_TRIP,5.6,0.000000,13247.00,0.25,FAIL_CLOSED
2026-09-14T20:57:33.070Z,usdai,OBSERVATORY_HAIRCUT,45.1,0.000000,26495.00,0.25,FAIL_CLOSED
2026-09-14T21:03:20.058Z,gmx,OBSERVATORY_HAIRCUT,40.6,0.000000,38247.00,0.25,FAIL_CLOSED
2026-09-14T21:09:07.046Z,usdai,HONEYPOT_DECOY,16.7,0.000000,5000.00,0.25,FAIL_CLOSED
2026-09-14T21:14:54.034Z,pendle,MAX_ATTEMPTS_SEVERED,13.4,0.000000,37835.00,0.25,FAIL_CLOSED
2026-09-14T21:20:41.022Z,pendle,MAX_ATTEMPTS_SEVERED,8.9,0.000000,45670.00,0.25,FAIL_CLOSED
2026-09-14T21:26:28.010Z,gmx,SOIL_RESISTANCE_TRIP,5.1,0.000001,0.00,0.00,ALLOW
2026-09-14T21:32:14.998Z,usdai,OBSERVATORY_HAIRCUT,44.6,0.000000,37010.00,0.25,FAIL_CLOSED
2026-09-14T21:38:01.986Z,gmx,SOIL_RESISTANCE_TRIP,2.6,0.000000,14588.00,0.25,FAIL_CLOSED
2026-09-14T21:43:48.974Z,gmx,OBSERVATORY_HAIRCUT,42.1,0.000000,30515.00,0.25,FAIL_CLOSED
2026-09-14T21:49:35.962Z,gmx,SOIL_RESISTANCE_TRIP,7.1,0.000000,12423.00,0.25,FAIL_CLOSED
2026-09-14T21:55:22.950Z,usdai,OBSERVATORY_HAIRCUT,39.6,0.000000,24021.00,0.25,FAIL_CLOSED
2026-09-14T22:01:09.938Z,gmx,MAX_ATTEMPTS_SEVERED,10.5,0.000000,40515.00,0.25,FAIL_CLOSED
2026-09-14T22:06:56.926Z,gmx,MAX_ATTEMPTS_SEVERED,12.5,0.000000,48351.00,0.25,FAIL_CLOSED
2026-09-14T22:12:43.914Z,hyperliquid,HONEYPOT_DECOY,13.5,0.000000,6546.00,0.25,FAIL_CLOSED
2026-09-14T22:18:30.901Z,variational,SOIL_RESISTANCE_TRIP,4.4,0.000000,12010.00,0.25,FAIL_CLOSED
2026-09-14T22:24:17.889Z,hyperliquid,MAX_ATTEMPTS_SEVERED,12.2,0.000000,31856.00,0.25,FAIL_CLOSED
2026-09-14T22:30:04.877Z,variational,OBSERVATORY_HAIRCUT,39.1,0.000000,34536.00,0.25,FAIL_CLOSED
2026-09-14T22:35:51.865Z,usdai,SOIL_RESISTANCE_TRIP,4.1,0.000000,13763.00,0.25,FAIL_CLOSED
2026-09-14T22:41:38.853Z,gmx,SOIL_RESISTANCE_TRIP,6.2,0.000000,7680.00,0.25,FAIL_CLOSED
2026-09-14T22:47:25.841Z,pendle,MAX_ATTEMPTS_SEVERED,7.5,0.000000,43196.00,0.25,FAIL_CLOSED
2026-09-14T22:53:12.829Z,usdai,OBSERVATORY_HAIRCUT,40.8,0.000000,21546.00,0.25,FAIL_CLOSED
2026-09-14T22:58:59.817Z,usdai,OBSERVATORY_HAIRCUT,43.1,0.000000,33299.00,0.25,FAIL_CLOSED
2026-09-14T23:04:46.805Z,usdai,OBSERVATORY_HAIRCUT,45.4,0.000000,45052.00,0.25,FAIL_CLOSED
2026-09-14T23:10:33.793Z,gmx,SOIL_RESISTANCE_TRIP,3.5,0.000000,7268.00,0.25,FAIL_CLOSED
2026-09-14T23:16:20.781Z,gmx,OBSERVATORY_HAIRCUT,42.9,0.000000,38557.00,0.25,FAIL_CLOSED
2026-09-14T23:22:07.769Z,usdai,OBSERVATORY_HAIRCUT,44.9,0.000000,20309.00,0.25,FAIL_CLOSED
2026-09-14T23:27:54.757Z,gmx,OBSERVATORY_HAIRCUT,40.4,0.000000,32062.00,0.25,FAIL_CLOSED
2026-09-14T23:33:41.745Z,gmx,MAX_ATTEMPTS_SEVERED,11.3,0.000000,45876.00,0.25,FAIL_CLOSED
2026-09-14T23:39:28.733Z,hyperliquid,HONEYPOT_DECOY,18.8,0.000000,5928.00,0.25,FAIL_CLOSED
2026-09-14T23:45:15.721Z,hyperliquid,HONEYPOT_DECOY,14.3,0.000000,7887.00,0.25,FAIL_CLOSED
2026-09-14T23:51:02.709Z,hyperliquid,SOIL_RESISTANCE_TRIP,5.2,0.000000,14691.00,0.25,FAIL_CLOSED
2026-09-14T23:56:49.697Z,usdai,OBSERVATORY_HAIRCUT,44.4,0.000000,30825.00,0.25,FAIL_CLOSED
2026-09-15T00:02:36.685Z,gmx,OBSERVATORY_HAIRCUT,39.9,0.000000,42577.00,0.25,FAIL_CLOSED
2026-09-15T00:08:23.673Z,usdai,HONEYPOT_DECOY,16.1,0.000000,5722.00,0.25,FAIL_CLOSED
2026-09-15T00:14:10.660Z,pendle,MAX_ATTEMPTS_SEVERED,12.8,0.000000,40722.00,0.25,FAIL_CLOSED
2026-09-15T00:19:57.648Z,pendle,MAX_ATTEMPTS_SEVERED,8.2,0.000000,48557.00,0.25,FAIL_CLOSED
2026-09-15T00:25:44.636Z,hyperliquid,MAX_ATTEMPTS_SEVERED,10.3,0.000000,36392.00,0.25,FAIL_CLOSED
2026-09-15T00:31:31.624Z,usdai,OBSERVATORY_HAIRCUT,44.0,0.000000,41340.00,0.25,FAIL_CLOSED
2026-09-15T00:37:18.612Z,gmx,SOIL_RESISTANCE_TRIP,2.0,0.000000,6031.00,0.25,FAIL_CLOSED
2026-09-15T00:43:05.600Z,variational,SOIL_RESISTANCE_TRIP,4.2,0.000000,9948.00,0.25,FAIL_CLOSED
2026-09-15T00:48:52.588Z,gmx,OBSERVATORY_HAIRCUT,43.7,0.000000,46598.00,0.25,FAIL_CLOSED
2026-09-15T00:54:39.576Z,usdai,OBSERVATORY_HAIRCUT,38.9,0.000000,28351.00,0.25,FAIL_CLOSED
2026-09-15T01:00:26.564Z,gmx,MAX_ATTEMPTS_SEVERED,9.8,0.000000,43402.00,0.25,FAIL_CLOSED
2026-09-15T01:06:13.552Z,gmx,MAX_ATTEMPTS_SEVERED,12.0,0.000000,31237.00,0.25,FAIL_CLOSED
2026-09-15T01:12:00.540Z,hyperliquid,HONEYPOT_DECOY,12.9,0.000000,7268.00,0.25,FAIL_CLOSED
2026-09-15T01:17:47.528Z,variational,SOIL_RESISTANCE_TRIP,3.8,0.000000,13454.00,0.25,FAIL_CLOSED
2026-09-15T01:23:34.516Z,hyperliquid,MAX_ATTEMPTS_SEVERED,11.5,0.000000,34742.00,0.25,FAIL_CLOSED
2026-09-15T01:29:21.504Z,variational,OBSERVATORY_HAIRCUT,45.2,0.000000,38866.00,0.25,FAIL_CLOSED
2026-09-15T01:35:08.492Z,usdai,SOIL_RESISTANCE_TRIP,3.5,0.000000,5206.00,0.25,FAIL_CLOSED
2026-09-15T01:40:55.480Z,gmx,SOIL_RESISTANCE_TRIP,5.6,0.000000,9124.00,0.25,FAIL_CLOSED
2026-09-15T01:46:42.468Z,pendle,MAX_ATTEMPTS_SEVERED,13.6,0.000000,46082.00,0.25,FAIL_CLOSED
2026-09-15T01:52:29.456Z,usdai,OBSERVATORY_HAIRCUT,40.2,0.000000,25876.00,0.25,FAIL_CLOSED
2026-09-15T01:58:16.444Z,usdai,OBSERVATORY_HAIRCUT,42.5,0.000000,37629.00,0.25,FAIL_CLOSED
2026-09-15T02:04:03.432Z,usdai,OBSERVATORY_HAIRCUT,44.8,0.000000,49381.00,0.25,FAIL_CLOSED
2026-09-15T02:09:50.420Z,gmx,SOIL_RESISTANCE_TRIP,2.7,0.000000,8711.00,0.25,FAIL_CLOSED
2026-09-15T02:15:37.407Z,gmx,OBSERVATORY_HAIRCUT,42.2,0.000000,42887.00,0.25,FAIL_CLOSED
2026-09-15T02:21:24.395Z,gmx,SOIL_RESISTANCE_TRIP,7.3,0.000000,6546.00,0.25,FAIL_CLOSED
2026-09-15T02:27:11.383Z,gmx,OBSERVATORY_HAIRCUT,39.8,0.000000,36392.00,0.25,FAIL_CLOSED
2026-09-15T02:32:58.371Z,gmx,MAX_ATTEMPTS_SEVERED,10.6,0.000000,48763.00,0.25,FAIL_CLOSED
2026-09-15T02:38:45.359Z,hyperliquid,HONEYPOT_DECOY,18.2,0.000000,6649.00,0.25,FAIL_CLOSED
2026-09-15T02:44:32.347Z,hyperliquid,HONEYPOT_DECOY,13.7,0.000000,8608.00,0.25,FAIL_CLOSED
2026-09-15T02:50:19.335Z,variational,SOIL_RESISTANCE_TRIP,4.5,0.000000,6134.00,0.25,FAIL_CLOSED
2026-09-15T02:56:06.323Z,usdai,OBSERVATORY_HAIRCUT,43.8,0.000000,35155.00,0.25,FAIL_CLOSED
2026-09-15T03:01:53.311Z,gmx,OBSERVATORY_HAIRCUT,39.3,0.000000,46907.00,0.25,FAIL_CLOSED
2026-09-15T03:07:40.299Z,usdai,HONEYPOT_DECOY,15.5,0.000000,6443.00,0.25,FAIL_CLOSED
2026-09-15T03:13:27.287Z,pendle,MAX_ATTEMPTS_SEVERED,12.1,0.000000,43608.00,0.25,FAIL_CLOSED
2026-09-15T06:00:54.794Z,gmx,SOIL_RESISTANCE_TRIP,11986.2,0.000000,12732.00,0.25,FAIL_CLOSED
2026-09-15T06:10:26.583Z,gmx,SOIL_RESISTANCE_TRIP,21518.5,0.000000,10052.00,0.25,FAIL_CLOSED
2026-09-15T06:12:16.162Z,gmx,SOIL_RESISTANCE_TRIP,57504.8,0.000000,6856.00,0.25,FAIL_CLOSED
2026-09-15T06:23:29.146Z,gmx,SOIL_RESISTANCE_TRIP,20727.0,0.000000,6649.00,0.25,FAIL_CLOSED
2026-09-15T06:23:49.631Z,gmx,SOIL_RESISTANCE_TRIP,21861.2,0.000000,8505.00,0.25,FAIL_CLOSED
2026-09-15T06:26:59.136Z,gmx,SOIL_RESISTANCE_TRIP,59931.6,0.000000,5103.00,0.25,FAIL_CLOSED
2026-09-15T06:27:44.333Z,gmx,SOIL_RESISTANCE_TRIP,10237.0,0.000001,0.00,0.00,ALLOW
2026-09-15T06:28:29.672Z,gmx,SOIL_RESISTANCE_TRIP,43226.1,0.000000,8711.00,0.25,FAIL_CLOSED
2026-09-15T07:01:59.760Z,gmx,SOIL_RESISTANCE_TRIP,1.3,0.000000,14278.00,0.25,FAIL_CLOSED
2026-09-15T07:38:57.367Z,gmx,SOIL_RESISTANCE_TRIP,1.2,0.000000,13557.00,0.25,FAIL_CLOSED
2026-09-15T07:39:46.167Z,gmx,SOIL_RESISTANCE_TRIP,1.7,0.000000,14485.00,0.25,FAIL_CLOSED
2026-09-15T07:46:03.860Z,gmx,SOIL_RESISTANCE_TRIP,2.7,0.000000,11907.00,0.25,FAIL_CLOSED
2026-09-15T07:48:51.992Z,gmx,SOIL_RESISTANCE_TRIP,1.5,0.000000,5103.00,0.25,FAIL_CLOSED
2026-09-15T07:49:42.216Z,gmx,SOIL_RESISTANCE_TRIP,1.5,0.000000,12835.00,0.25,FAIL_CLOSED
2026-09-15T07:51:32.080Z,gmx,SOIL_RESISTANCE_TRIP,3.5,0.000000,9021.00,0.25,FAIL_CLOSED
2026-09-15T07:54:24.259Z,gmx,SOIL_RESISTANCE_TRIP,6.5,0.000000,9433.00,0.25,FAIL_CLOSED
2026-09-15T07:55:29.750Z,gmx,SOIL_RESISTANCE_TRIP,1.3,0.000000,11082.00,0.25,FAIL_CLOSED
2026-09-15T07:55:59.986Z,gmx,SOIL_RESISTANCE_TRIP,2.1,0.000000,8196.00,0.25,FAIL_CLOSED
2026-09-15T07:59:05.351Z,gmx,SOIL_RESISTANCE_TRIP,3.1,0.000000,7990.00,0.25,FAIL_CLOSED
2026-09-15T08:04:35.900Z,gmx,SOIL_RESISTANCE_TRIP,1.5,0.000000,5206.00,0.25,FAIL_CLOSED
2026-09-15T08:05:17.798Z,gmx,SOIL_RESISTANCE_TRIP,1.7,0.000000,14588.00,0.25,FAIL_CLOSED
2026-09-15T08:05:19.464Z,gmx,SOIL_RESISTANCE_TRIP,1.6,0.000000,6340.00,0.25,FAIL_CLOSED
2026-09-15T08:05:26.452Z,gmx,SOIL_RESISTANCE_TRIP,1.9,0.000000,6753.00,0.25,FAIL_CLOSED
2026-09-15T08:05:43.326Z,gmx,SOIL_RESISTANCE_TRIP,1.9,0.000000,6340.00,0.25,FAIL_CLOSED
2026-09-15T08:15:35.030Z,pendle,SOIL_RESISTANCE_TRIP,60517.3,0.000001,0.00,0.00,ALLOW
2026-09-15T08:20:22.263Z,pendle,SOIL_RESISTANCE_TRIP,12663.2,0.000001,0.00,0.00,ALLOW
2026-09-15T08:21:13.462Z,pendle,SOIL_RESISTANCE_TRIP,28867.3,0.000001,0.00,0.00,ALLOW
2026-09-15T08:28:07.422Z,pendle,SOIL_RESISTANCE_TRIP,18723.5,0.000001,0.00,0.00,ALLOW
2026-09-15T08:28:08.108Z,gmx,SOIL_RESISTANCE_TRIP,37973.0,0.000001,0.00,0.00,ALLOW
2026-09-15T08:28:12.868Z,pendle,SOIL_RESISTANCE_TRIP,27231.1,0.000001,0.00,0.00,ALLOW
2026-09-15T08:28:13.490Z,gmx,SOIL_RESISTANCE_TRIP,20836.1,0.000001,0.00,0.00,ALLOW
2026-09-15T08:32:05.232Z,pendle,SOIL_RESISTANCE_TRIP,45121378.2,0.000001,0.00,0.00,ALLOW
2026-09-15T08:32:21.459Z,pendle,SOIL_RESISTANCE_TRIP,17510.3,0.000001,0.00,0.00,ALLOW
2026-09-15T08:32:45.225Z,gmx,SOIL_RESISTANCE_TRIP,2.5,0.000000,12423.00,0.25,FAIL_CLOSED
2026-09-15T08:33:03.719Z,gmx,SOIL_RESISTANCE_TRIP,6301.0,0.000001,0.00,0.00,ALLOW
2026-09-15T08:36:18.232Z,gmx,SOIL_RESISTANCE_TRIP,6380.3,0.000001,0.00,0.00,ALLOW
2026-09-15T08:36:24.032Z,gmx,SOIL_RESISTANCE_TRIP,4414.4,0.000001,0.00,0.00,ALLOW
2026-09-15T08:37:23.471Z,pendle,SOIL_RESISTANCE_TRIP,3840585.5,0.000001,0.00,0.00,ALLOW
2026-09-15T08:37:29.144Z,gmx,SOIL_RESISTANCE_TRIP,5222.0,0.000001,0.00,0.00,ALLOW
2026-09-15T08:41:27.329Z,gmx,SOIL_RESISTANCE_TRIP,6192.7,0.000001,0.00,0.00,ALLOW
2026-09-15T08:41:27.330Z,gmx,SOIL_RESISTANCE_TRIP,6986.3,0.000001,0.00,0.00,ALLOW
2026-09-15T08:42:05.525Z,gmx,SOIL_RESISTANCE_TRIP,4725.2,0.000001,0.00,0.00,ALLOW
2026-09-15T08:42:36.179Z,gmx,SOIL_RESISTANCE_TRIP,10172003.4,0.000001,0.00,0.00,ALLOW
2026-09-15T08:45:01.372Z,gmx,SOIL_RESISTANCE_TRIP,6245.7,0.000001,0.00,0.00,ALLOW
2026-09-15T08:45:03.166Z,gmx,SOIL_RESISTANCE_TRIP,5206.7,0.000001,0.00,0.00,ALLOW
2026-09-15T08:45:51.643Z,gmx,SOIL_RESISTANCE_TRIP,3772.3,0.000001,0.00,0.00,ALLOW
2026-09-15T08:52:08.691Z,gmx,SOIL_RESISTANCE_TRIP,28161.4,0.000001,0.00,0.00,ALLOW
2026-09-15T08:52:14.000Z,gmx,SOIL_RESISTANCE_TRIP,23349.3,0.000001,0.00,0.00,ALLOW
2026-09-15T08:56:09.042Z,gmx,SOIL_RESISTANCE_TRIP,22329.1,0.000001,0.00,0.00,ALLOW
2026-09-16T03:52:25.954Z,gmx,SOIL_RESISTANCE_TRIP,1.5,0.000000,13454.00,0.25,FAIL_CLOSED
2026-09-16T03:57:27.555Z,gmx,SOIL_RESISTANCE_TRIP,1.4,0.000000,6340.00,0.25,FAIL_CLOSED
2026-09-16T04:06:21.753Z,gmx,SOIL_RESISTANCE_TRIP,1.5,0.000000,8299.00,0.25,FAIL_CLOSED
2026-09-16T04:24:19.870Z,gmx,SOIL_RESISTANCE_TRIP,1.8,0.000000,14381.00,0.25,FAIL_CLOSED
2026-09-16T04:58:18.018Z,gmx,SOIL_RESISTANCE_TRIP,3.2,0.000000,12732.00,0.25,FAIL_CLOSED
2026-09-16T07:19:56.007Z,gmx,SOIL_RESISTANCE_TRIP,1.8,0.000000,14072.00,0.25,FAIL_CLOSED
2026-09-17T14:46:45.936Z,variational,SOIL_RESISTANCE_TRIP,13945.5,0.000001,0.00,0.00,ALLOW
2026-09-17T14:47:14.943Z,hyperliquid,SOIL_RESISTANCE_TRIP,16943.6,0.000001,0.00,0.00,ALLOW
2026-09-18T08:01:52.155Z,gmx,SOIL_RESISTANCE_TRIP,20924.1,0.000000,13763.00,0.25,FAIL_CLOSED
2026-09-18T15:58:05.917Z,pendle,SOIL_RESISTANCE_TRIP,29971.9,0.000000,12423.00,0.25,FAIL_CLOSED
2026-09-18T15:59:09.267Z,gmx,SOIL_RESISTANCE_TRIP,5.4,0.000000,13351.00,0.25,FAIL_CLOSED
2026-09-18T15:59:35.147Z,pendle,SOIL_RESISTANCE_TRIP,17435841.5,0.000001,0.00,0.00,ALLOW
2026-09-19T15:52:08.649Z,gmx,SOIL_RESISTANCE_TRIP,1.8,0.000000,7165.00,0.25,FAIL_CLOSED
2026-09-19T15:54:44.503Z,gmx,SOIL_RESISTANCE_TRIP,3.8,0.000000,14588.00,0.25,FAIL_CLOSED
2026-09-19T01:28:12.281Z,usdai,SOIL_RESISTANCE_TRIP,1.7,0.000000,5103.00,0.25,FAIL_CLOSED
2026-09-19T01:33:40.798Z,gmx,SOIL_RESISTANCE_TRIP,3.7,0.000000,9021.00,0.25,FAIL_CLOSED
2026-09-19T01:39:09.315Z,pendle,MAX_ATTEMPTS_SEVERED,11.8,0.000000,45876.00,0.25,FAIL_CLOSED
2026-09-19T01:44:37.832Z,usdai,OBSERVATORY_HAIRCUT,45.2,0.000000,25567.00,0.25,FAIL_CLOSED
2026-09-19T01:50:06.349Z,usdai,OBSERVATORY_HAIRCUT,40.7,0.000000,37320.00,0.25,FAIL_CLOSED
2026-09-19T01:55:34.867Z,usdai,OBSERVATORY_HAIRCUT,42.9,0.000000,49072.00,0.25,FAIL_CLOSED
2026-09-19T02:01:03.384Z,gmx,SOIL_RESISTANCE_TRIP,7.7,0.000000,8608.00,0.25,FAIL_CLOSED
2026-09-19T02:06:31.901Z,gmx,OBSERVATORY_HAIRCUT,40.4,0.000000,42577.00,0.25,FAIL_CLOSED
2026-09-19T02:12:00.418Z,gmx,SOIL_RESISTANCE_TRIP,5.5,0.000000,6443.00,0.25,FAIL_CLOSED
2026-09-19T02:17:28.935Z,gmx,OBSERVATORY_HAIRCUT,44.7,0.000000,36082.00,0.25,FAIL_CLOSED
2026-09-19T02:22:57.452Z,gmx,MAX_ATTEMPTS_SEVERED,8.8,0.000000,48557.00,0.25,FAIL_CLOSED
2026-09-19T02:28:25.969Z,hyperliquid,HONEYPOT_DECOY,16.4,0.000000,6598.00,0.25,FAIL_CLOSED
2026-09-19T02:33:54.486Z,hyperliquid,HONEYPOT_DECOY,18.6,0.000000,8557.00,0.25,FAIL_CLOSED
2026-09-19T02:39:23.003Z,variational,SOIL_RESISTANCE_TRIP,2.7,0.000000,6031.00,0.25,FAIL_CLOSED
2026-09-19T02:44:51.521Z,usdai,OBSERVATORY_HAIRCUT,42.0,0.000000,34845.00,0.25,FAIL_CLOSED
2026-09-19T02:50:20.038Z,gmx,OBSERVATORY_HAIRCUT,44.3,0.000000,46598.00,0.25,FAIL_CLOSED
2026-09-19T02:55:48.555Z,usdai,HONEYPOT_DECOY,13.6,0.000000,6392.00,0.25,FAIL_CLOSED
2026-09-19T03:01:17.072Z,pendle,MAX_ATTEMPTS_SEVERED,10.3,0.000000,43402.00,0.25,FAIL_CLOSED
2026-09-19T03:06:45.589Z,pendle,MAX_ATTEMPTS_SEVERED,12.6,0.000000,31237.00,0.25,FAIL_CLOSED
2026-09-19T03:12:14.106Z,gmx,SOIL_RESISTANCE_TRIP,2.0,0.000000,9536.00,0.25,FAIL_CLOSED
2026-09-19T03:17:42.623Z,usdai,OBSERVATORY_HAIRCUT,41.4,0.000000,45361.00,0.25,FAIL_CLOSED
2026-09-19T03:23:11.140Z,gmx,SOIL_RESISTANCE_TRIP,6.5,0.000000,7371.00,0.25,FAIL_CLOSED
2026-09-19T03:28:39.657Z,variational,SOIL_RESISTANCE_TRIP,1.8,0.000000,11289.00,0.25,FAIL_CLOSED
2026-09-19T03:34:08.175Z,gmx,OBSERVATORY_HAIRCUT,41.3,0.000000,20619.00,0.25,FAIL_CLOSED
2026-09-19T03:39:36.692Z,usdai,OBSERVATORY_HAIRCUT,43.2,0.000000,32371.00,0.25,FAIL_CLOSED
2026-09-19T03:45:05.209Z,gmx,OBSERVATORY_HAIRCUT,38.7,0.000000,44124.00,0.25,FAIL_CLOSED
2026-09-19T03:50:33.726Z,gmx,MAX_ATTEMPTS_SEVERED,9.6,0.000000,33918.00,0.25,FAIL_CLOSED
2026-09-19T03:56:02.243Z,hyperliquid,SOIL_RESISTANCE_TRIP,5.8,0.000000,10876.00,0.25,FAIL_CLOSED
2026-09-19T04:01:30.760Z,variational,SOIL_RESISTANCE_TRIP,8.1,0.000000,14794.00,0.25,FAIL_CLOSED
2026-09-19T04:06:59.277Z,hyperliquid,SOIL_RESISTANCE_TRIP,3.3,0.000000,8711.00,0.25,FAIL_CLOSED
2026-09-19T04:12:27.794Z,usdai,OBSERVATORY_HAIRCUT,42.8,0.000000,42887.00,0.25,FAIL_CLOSED
2026-09-19T04:17:56.311Z,usdai,SOIL_RESISTANCE_TRIP,7.8,0.000000,6546.00,0.25,FAIL_CLOSED
2026-09-19T04:23:24.829Z,gmx,SOIL_RESISTANCE_TRIP,3.0,0.000000,10464.00,0.25,FAIL_CLOSED
2026-09-19T04:28:53.346Z,pendle,MAX_ATTEMPTS_SEVERED,11.1,0.000000,48763.00,0.25,FAIL_CLOSED
2026-09-19T04:34:21.863Z,usdai,OBSERVATORY_HAIRCUT,44.8,0.000000,29897.00,0.25,FAIL_CLOSED
2026-09-19T04:39:50.380Z,usdai,OBSERVATORY_HAIRCUT,40.0,0.000000,41649.00,0.25,FAIL_CLOSED
2026-09-19T04:45:18.897Z,usdai,OBSERVATORY_HAIRCUT,42.3,0.000000,23402.00,0.25,FAIL_CLOSED
2026-09-19T04:50:47.414Z,gmx,SOIL_RESISTANCE_TRIP,7.1,0.000000,10052.00,0.25,FAIL_CLOSED
2026-09-19T04:56:15.931Z,gmx,OBSERVATORY_HAIRCUT,39.8,0.000000,46907.00,0.25,FAIL_CLOSED
2026-09-19T05:01:44.448Z,gmx,SOIL_RESISTANCE_TRIP,4.8,0.000000,7887.00,0.25,FAIL_CLOSED
2026-09-19T05:07:12.965Z,gmx,OBSERVATORY_HAIRCUT,44.1,0.000000,40412.00,0.25,FAIL_CLOSED
2026-09-19T05:12:41.483Z,gmx,MAX_ATTEMPTS_SEVERED,8.2,0.000000,31443.00,0.25,FAIL_CLOSED
2026-09-19T05:18:10.000Z,gmx,MAX_ATTEMPTS_SEVERED,10.1,0.000000,39278.00,0.25,FAIL_CLOSED
2026-09-19T05:23:38.517Z,hyperliquid,HONEYPOT_DECOY,18.0,0.000000,9278.00,0.25,FAIL_CLOSED
2026-09-19T05:29:07.034Z,variational,SOIL_RESISTANCE_TRIP,2.1,0.000000,7474.00,0.25,FAIL_CLOSED
2026-09-19T05:34:35.551Z,usdai,OBSERVATORY_HAIRCUT,41.3,0.000000,39175.00,0.25,FAIL_CLOSED
2026-09-19T05:40:04.068Z,gmx,OBSERVATORY_HAIRCUT,43.5,0.000000,20928.00,0.25,FAIL_CLOSED
2026-09-19T05:45:32.585Z,usdai,HONEYPOT_DECOY,13.2,0.000000,7113.00,0.25,FAIL_CLOSED
2026-09-19T05:51:01.102Z,pendle,MAX_ATTEMPTS_SEVERED,9.7,0.000000,46289.00,0.25,FAIL_CLOSED
2026-09-19T05:56:29.619Z,pendle,MAX_ATTEMPTS_SEVERED,12.0,0.000000,34124.00,0.25,FAIL_CLOSED
2026-09-19T06:01:58.137Z,pendle,OBSERVATORY_HAIRCUT,45.3,0.000000,37938.00,0.25,FAIL_CLOSED
2026-09-19T06:07:26.654Z,usdai,OBSERVATORY_HAIRCUT,40.8,0.000000,49691.00,0.25,FAIL_CLOSED
2026-09-19T06:12:55.171Z,gmx,SOIL_RESISTANCE_TRIP,5.9,0.000000,8814.00,0.25,FAIL_CLOSED
2026-09-19T06:18:23.688Z,variational,SOIL_RESISTANCE_TRIP,7.9,0.000000,12732.00,0.25,FAIL_CLOSED
2026-09-19T06:23:52.205Z,gmx,OBSERVATORY_HAIRCUT,40.6,0.000000,24948.00,0.25,FAIL_CLOSED
2026-09-19T06:29:20.722Z,usdai,OBSERVATORY_HAIRCUT,42.6,0.000000,36701.00,0.25,FAIL_CLOSED
2026-09-19T06:34:49.239Z,gmx,OBSERVATORY_HAIRCUT,44.9,0.000000,48454.00,0.25,FAIL_CLOSED
2026-09-19T06:40:17.756Z,gmx,MAX_ATTEMPTS_SEVERED,8.9,0.000000,36804.00,0.25,FAIL_CLOSED
2026-09-19T06:45:46.273Z,hyperliquid,SOIL_RESISTANCE_TRIP,5.1,0.000000,12320.00,0.25,FAIL_CLOSED
2026-09-19T06:51:14.791Z,hyperliquid,SOIL_RESISTANCE_TRIP,7.4,0.000000,6237.00,0.25,FAIL_CLOSED
2026-09-19T06:56:43.308Z,hyperliquid,SOIL_RESISTANCE_TRIP,2.9,0.000000,10155.00,0.25,FAIL_CLOSED
2026-09-19T07:02:11.825Z,usdai,OBSERVATORY_HAIRCUT,42.1,0.000000,47216.00,0.25,FAIL_CLOSED
2026-09-19T07:07:40.342Z,usdai,SOIL_RESISTANCE_TRIP,7.2,0.000000,7990.00,0.25,FAIL_CLOSED
2026-09-19T07:13:08.859Z,gmx,SOIL_RESISTANCE_TRIP,2.4,0.000000,11907.00,0.25,FAIL_CLOSED
2026-09-19T07:18:37.376Z,pendle,MAX_ATTEMPTS_SEVERED,10.5,0.000000,31649.00,0.25,FAIL_CLOSED
2026-09-19T07:24:05.893Z,usdai,OBSERVATORY_HAIRCUT,44.1,0.000000,34227.00,0.25,FAIL_CLOSED
2026-09-19T07:29:34.410Z,usdai,OBSERVATORY_HAIRCUT,39.4,0.000000,45979.00,0.25,FAIL_CLOSED
2026-09-19T07:35:02.927Z,usdai,OBSERVATORY_HAIRCUT,41.7,0.000000,27732.00,0.25,FAIL_CLOSED
2026-09-19T07:40:31.444Z,gmx,SOIL_RESISTANCE_TRIP,6.4,0.000000,11495.00,0.25,FAIL_CLOSED
2026-09-19T07:45:59.962Z,gmx,OBSERVATORY_HAIRCUT,39.1,0.000000,21237.00,0.25,FAIL_CLOSED
2026-09-19T07:51:28.479Z,gmx,SOIL_RESISTANCE_TRIP,4.2,0.000000,9330.00,0.25,FAIL_CLOSED
2026-09-19T07:56:56.996Z,gmx,OBSERVATORY_HAIRCUT,43.4,0.000000,44742.00,0.25,FAIL_CLOSED
2026-09-19T08:02:25.513Z,gmx,MAX_ATTEMPTS_SEVERED,7.4,0.000000,34330.00,0.25,FAIL_CLOSED
2026-09-19T08:07:54.030Z,gmx,MAX_ATTEMPTS_SEVERED,9.7,0.000000,42165.00,0.25,FAIL_CLOSED
2026-09-19T08:13:22.547Z,hyperliquid,HONEYPOT_DECOY,17.4,0.000000,5000.00,0.25,FAIL_CLOSED
2026-09-19T08:18:51.064Z,variational,SOIL_RESISTANCE_TRIP,8.3,0.000000,8918.00,0.25,FAIL_CLOSED
2026-09-19T08:24:19.581Z,hyperliquid,MAX_ATTEMPTS_SEVERED,9.2,0.000000,45670.00,0.25,FAIL_CLOSED
2026-09-19T08:29:48.098Z,variational,OBSERVATORY_HAIRCUT,42.9,0.000000,25258.00,0.25,FAIL_CLOSED
2026-09-19T08:35:16.616Z,usdai,HONEYPOT_DECOY,19.4,0.000000,7835.00,0.25,FAIL_CLOSED
2026-09-19T08:40:45.133Z,pendle,MAX_ATTEMPTS_SEVERED,9.1,0.000000,49175.00,0.25,FAIL_CLOSED
2026-09-19T08:46:13.650Z,pendle,MAX_ATTEMPTS_SEVERED,11.3,0.000000,37010.00,0.25,FAIL_CLOSED
2026-09-19T08:51:42.167Z,pendle,SOIL_RESISTANCE_TRIP,7.5,0.000000,12423.00,0.25,FAIL_CLOSED
2026-09-19T08:57:10.684Z,usdai,OBSERVATORY_HAIRCUT,40.2,0.000000,24021.00,0.25,FAIL_CLOSED
2026-09-19T09:02:39.201Z,gmx,SOIL_RESISTANCE_TRIP,5.2,0.000000,10258.00,0.25,FAIL_CLOSED
2026-09-19T09:08:07.718Z,variational,SOIL_RESISTANCE_TRIP,7.2,0.000000,14175.00,0.25,FAIL_CLOSED
2026-09-19T09:13:36.235Z,gmx,OBSERVATORY_HAIRCUT,39.9,0.000000,29278.00,0.25,FAIL_CLOSED
2026-09-19T09:19:04.752Z,usdai,OBSERVATORY_HAIRCUT,42.2,0.000000,41031.00,0.25,FAIL_CLOSED
2026-09-19T09:24:33.270Z,gmx,OBSERVATORY_HAIRCUT,44.2,0.000000,22784.00,0.25,FAIL_CLOSED
2026-09-19T09:30:01.787Z,gmx,MAX_ATTEMPTS_SEVERED,8.3,0.000000,39691.00,0.25,FAIL_CLOSED
2026-09-19T09:35:30.304Z,hyperliquid,HONEYPOT_DECOY,15.9,0.000000,9381.00,0.25,FAIL_CLOSED
2026-09-19T09:40:58.821Z,hyperliquid,HONEYPOT_DECOY,18.2,0.000000,6340.00,0.25,FAIL_CLOSED
2026-09-19T09:46:27.338Z,hyperliquid,SOIL_RESISTANCE_TRIP,2.2,0.000000,11598.00,0.25,FAIL_CLOSED
2026-09-19T09:51:55.855Z,usdai,OBSERVATORY_HAIRCUT,41.5,0.000000,21546.00,0.25,FAIL_CLOSED
2026-09-19T09:57:24.372Z,gmx,OBSERVATORY_HAIRCUT,43.8,0.000000,33299.00,0.25,FAIL_CLOSED
2026-09-19T10:02:52.889Z,gmx,SOIL_RESISTANCE_TRIP,1.8,0.000000,13351.00,0.25,FAIL_CLOSED
2026-09-19T10:08:21.406Z,pendle,MAX_ATTEMPTS_SEVERED,9.8,0.000000,34536.00,0.25,FAIL_CLOSED
2026-09-19T10:13:49.924Z,usdai,OBSERVATORY_HAIRCUT,43.5,0.000000,38557.00,0.25,FAIL_CLOSED
2026-09-19T10:19:18.441Z,usdai,OBSERVATORY_HAIRCUT,38.7,0.000000,20309.00,0.25,FAIL_CLOSED
2026-09-19T10:24:46.958Z,usdai,OBSERVATORY_HAIRCUT,40.9,0.000000,32062.00,0.25,FAIL_CLOSED
2026-09-19T10:30:15.475Z,gmx,SOIL_RESISTANCE_TRIP,6.0,0.000000,12938.00,0.25,FAIL_CLOSED
2026-09-19T10:35:43.992Z,gmx,OBSERVATORY_HAIRCUT,45.3,0.000000,25567.00,0.25,FAIL_CLOSED
2026-09-19T10:41:12.509Z,gmx,SOIL_RESISTANCE_TRIP,3.6,0.000000,10773.00,0.25,FAIL_CLOSED
2026-09-19T10:46:41.026Z,gmx,OBSERVATORY_HAIRCUT,42.7,0.000000,49072.00,0.25,FAIL_CLOSED
2026-09-19T10:52:09.543Z,gmx,MAX_ATTEMPTS_SEVERED,13.6,0.000000,37216.00,0.25,FAIL_CLOSED
2026-09-19T10:57:38.060Z,gmx,MAX_ATTEMPTS_SEVERED,9.1,0.000000,45052.00,0.25,FAIL_CLOSED
2026-09-19T11:03:06.578Z,hyperliquid,HONEYPOT_DECOY,16.8,0.000000,5722.00,0.25,FAIL_CLOSED
2026-09-19T11:08:35.095Z,variational,SOIL_RESISTANCE_TRIP,7.6,0.000000,10361.00,0.25,FAIL_CLOSED
2026-09-19T11:14:03.612Z,hyperliquid,MAX_ATTEMPTS_SEVERED,8.6,0.000000,48557.00,0.25,FAIL_CLOSED
2026-09-19T11:19:32.129Z,variational,OBSERVATORY_HAIRCUT,42.3,0.000000,29588.00,0.25,FAIL_CLOSED
2026-09-19T11:25:00.646Z,usdai,SOIL_RESISTANCE_TRIP,7.3,0.000000,12113.00,0.25,FAIL_CLOSED
2026-09-19T11:30:29.163Z,gmx,SOIL_RESISTANCE_TRIP,2.5,0.000000,6031.00,0.25,FAIL_CLOSED
2026-09-19T11:35:57.680Z,pendle,MAX_ATTEMPTS_SEVERED,10.6,0.000000,39897.00,0.25,FAIL_CLOSED
2026-09-19T11:41:26.197Z,pendle,SOIL_RESISTANCE_TRIP,7.1,0.000001,0.00,0.00,ALLOW
2026-09-19T11:46:54.714Z,usdai,OBSERVATORY_HAIRCUT,39.5,0.000000,28351.00,0.25,FAIL_CLOSED
2026-09-19T11:52:23.232Z,gmx,SOIL_RESISTANCE_TRIP,4.6,0.000000,11701.00,0.25,FAIL_CLOSED
2026-09-19T11:57:51.749Z,variational,SOIL_RESISTANCE_TRIP,6.6,0.000000,5619.00,0.25,FAIL_CLOSED
2026-09-19T12:03:20.266Z,gmx,OBSERVATORY_HAIRCUT,39.3,0.000000,33608.00,0.25,FAIL_CLOSED
2026-09-19T12:08:48.783Z,usdai,OBSERVATORY_HAIRCUT,41.5,0.000000,45361.00,0.25,FAIL_CLOSED
2026-09-19T12:14:17.300Z,gmx,OBSERVATORY_HAIRCUT,43.6,0.000000,27113.00,0.25,FAIL_CLOSED
2026-09-19T12:19:45.817Z,gmx,MAX_ATTEMPTS_SEVERED,7.7,0.000000,42577.00,0.25,FAIL_CLOSED
2026-09-19T12:25:14.334Z,hyperliquid,HONEYPOT_DECOY,15.3,0.000000,5103.00,0.25,FAIL_CLOSED
2026-09-19T12:30:42.851Z,hyperliquid,HONEYPOT_DECOY,17.5,0.000000,7062.00,0.25,FAIL_CLOSED
2026-09-19T12:36:11.368Z,hyperliquid,SOIL_RESISTANCE_TRIP,1.6,0.000000,13041.00,0.25,FAIL_CLOSED
2026-09-19T12:41:39.886Z,usdai,OBSERVATORY_HAIRCUT,40.8,0.000000,25876.00,0.25,FAIL_CLOSED
2026-09-19T12:47:08.403Z,gmx,OBSERVATORY_HAIRCUT,43.0,0.000000,37629.00,0.25,FAIL_CLOSED
2026-09-19T12:52:36.920Z,usdai,HONEYPOT_DECOY,19.5,0.000000,9897.00,0.25,FAIL_CLOSED
2026-09-19T12:58:05.437Z,pendle,MAX_ATTEMPTS_SEVERED,9.2,0.000000,37423.00,0.25,FAIL_CLOSED
2026-09-19T13:03:33.954Z,usdai,OBSERVATORY_HAIRCUT,42.9,0.000000,42887.00,0.25,FAIL_CLOSED
2026-09-19T13:09:02.471Z,usdai,OBSERVATORY_HAIRCUT,44.8,0.000000,24639.00,0.25,FAIL_CLOSED
2026-09-19T13:14:30.988Z,usdai,OBSERVATORY_HAIRCUT,40.3,0.000000,36392.00,0.25,FAIL_CLOSED
2026-09-19T13:19:59.505Z,gmx,SOIL_RESISTANCE_TRIP,5.4,0.000000,14381.00,0.25,FAIL_CLOSED
2026-09-19T13:25:28.022Z,gmx,OBSERVATORY_HAIRCUT,44.7,0.000000,29897.00,0.25,FAIL_CLOSED
2026-09-19T13:30:56.540Z,gmx,SOIL_RESISTANCE_TRIP,2.9,0.000000,12216.00,0.25,FAIL_CLOSED
2026-09-19T13:36:25.057Z,gmx,OBSERVATORY_HAIRCUT,42.1,0.000000,23402.00,0.25,FAIL_CLOSED
2026-09-19T13:41:53.574Z,gmx,MAX_ATTEMPTS_SEVERED,13.0,0.000000,40103.00,0.25,FAIL_CLOSED
2026-09-19T13:47:22.091Z,gmx,MAX_ATTEMPTS_SEVERED,8.5,0.000000,47938.00,0.25,FAIL_CLOSED
2026-09-19T13:52:50.608Z,hyperliquid,HONEYPOT_DECOY,16.0,0.000000,6443.00,0.25,FAIL_CLOSED
2026-09-19T13:58:19.125Z,variational,SOIL_RESISTANCE_TRIP,6.9,0.000000,11804.00,0.25,FAIL_CLOSED
2026-09-19T14:03:47.642Z,hyperliquid,MAX_ATTEMPTS_SEVERED,8.2,0.000000,31443.00,0.25,FAIL_CLOSED
2026-09-19T14:09:16.159Z,variational,OBSERVATORY_HAIRCUT,41.6,0.000000,33918.00,0.25,FAIL_CLOSED
2026-09-19T14:14:44.676Z,usdai,SOIL_RESISTANCE_TRIP,6.7,0.000000,13557.00,0.25,FAIL_CLOSED
2026-09-19T14:20:13.194Z,gmx,SOIL_RESISTANCE_TRIP,1.9,0.000000,7474.00,0.25,FAIL_CLOSED
2026-09-19T14:25:41.711Z,pendle,MAX_ATTEMPTS_SEVERED,10.0,0.000000,42784.00,0.25,FAIL_CLOSED
2026-09-19T14:31:10.228Z,variational,HONEYPOT_DECOY,17.8,0.000000,5155.00,0.25,FAIL_CLOSED
2026-09-19T14:36:38.745Z,usdai,OBSERVATORY_HAIRCUT,38.9,0.000000,32680.00,0.25,FAIL_CLOSED
2026-09-19T14:42:07.262Z,gmx,SOIL_RESISTANCE_TRIP,4.0,0.000000,13144.00,0.25,FAIL_CLOSED
2026-09-19T14:47:35.779Z,gmx,SOIL_RESISTANCE_TRIP,6.0,0.000000,7062.00,0.25,FAIL_CLOSED
2026-09-19T14:53:04.296Z,gmx,OBSERVATORY_HAIRCUT,45.4,0.000000,37938.00,0.25,FAIL_CLOSED
2026-09-19T14:58:32.813Z,usdai,OBSERVATORY_HAIRCUT,40.9,0.000000,49691.00,0.25,FAIL_CLOSED
2026-09-19T15:04:01.330Z,gmx,OBSERVATORY_HAIRCUT,42.9,0.000000,31443.00,0.25,FAIL_CLOSED
2026-09-19T15:09:29.848Z,gmx,MAX_ATTEMPTS_SEVERED,13.7,0.000000,45464.00,0.25,FAIL_CLOSED
2026-09-19T15:14:58.365Z,hyperliquid,HONEYPOT_DECOY,14.8,0.000000,5825.00,0.25,FAIL_CLOSED
2026-09-19T15:20:26.882Z,hyperliquid,HONEYPOT_DECOY,16.9,0.000000,7784.00,0.25,FAIL_CLOSED
2026-09-19T15:25:55.399Z,hyperliquid,SOIL_RESISTANCE_TRIP,7.8,0.000000,14485.00,0.25,FAIL_CLOSED
2026-09-19T15:31:23.916Z,usdai,OBSERVATORY_HAIRCUT,40.1,0.000000,30206.00,0.25,FAIL_CLOSED
2026-09-19T15:36:52.433Z,gmx,OBSERVATORY_HAIRCUT,42.4,0.000000,41959.00,0.25,FAIL_CLOSED
2026-09-19T15:42:20.950Z,usdai,HONEYPOT_DECOY,18.9,0.000000,5619.00,0.25,FAIL_CLOSED
2026-09-19T15:47:49.467Z,pendle,MAX_ATTEMPTS_SEVERED,8.6,0.000000,40309.00,0.25,FAIL_CLOSED
2026-09-19T15:53:17.984Z,usdai,OBSERVATORY_HAIRCUT,42.2,0.000000,47216.00,0.25,FAIL_CLOSED
2026-09-19T15:58:46.502Z,usdai,OBSERVATORY_HAIRCUT,44.2,0.000000,28969.00,0.25,FAIL_CLOSED
2026-09-19T16:04:15.019Z,usdai,OBSERVATORY_HAIRCUT,39.7,0.000000,40722.00,0.25,FAIL_CLOSED
2026-09-19T16:09:43.536Z,gmx,SOIL_RESISTANCE_TRIP,4.8,0.000000,5825.00,0.25,FAIL_CLOSED
2026-09-19T16:15:12.053Z,gmx,OBSERVATORY_HAIRCUT,43.9,0.000000,34227.00,0.25,FAIL_CLOSED
2026-09-19T16:20:40.570Z,gmx,SOIL_RESISTANCE_TRIP,2.2,0.000000,13660.00,0.25,FAIL_CLOSED
2026-09-19T16:26:09.087Z,gmx,OBSERVATORY_HAIRCUT,41.7,0.000000,27732.00,0.25,FAIL_CLOSED
2026-09-19T16:31:37.604Z,gmx,MAX_ATTEMPTS_SEVERED,12.3,0.000000,42990.00,0.25,FAIL_CLOSED
2026-09-19T16:37:06.121Z,gmx,MAX_ATTEMPTS_SEVERED,7.8,0.000000,30825.00,0.25,FAIL_CLOSED
2026-09-19T16:42:34.638Z,hyperliquid,HONEYPOT_DECOY,15.4,0.000000,7165.00,0.25,FAIL_CLOSED
2026-09-19T16:48:03.156Z,variational,SOIL_RESISTANCE_TRIP,6.3,0.000000,13247.00,0.25,FAIL_CLOSED
2026-09-19T16:53:31.673Z,hyperliquid,MAX_ATTEMPTS_SEVERED,7.5,0.000000,34330.00,0.25,FAIL_CLOSED
2026-09-19T16:59:00.190Z,variational,OBSERVATORY_HAIRCUT,41.0,0.000000,38247.00,0.25,FAIL_CLOSED
2026-09-19T17:04:28.707Z,usdai,SOIL_RESISTANCE_TRIP,6.1,0.000000,5000.00,0.25,FAIL_CLOSED
2026-09-19T17:09:57.224Z,gmx,SOIL_RESISTANCE_TRIP,8.1,0.000000,8918.00,0.25,FAIL_CLOSED
2026-09-19T17:15:25.741Z,pendle,MAX_ATTEMPTS_SEVERED,9.3,0.000000,45670.00,0.25,FAIL_CLOSED
2026-09-19T17:20:54.258Z,variational,HONEYPOT_DECOY,17.2,0.000000,5876.00,0.25,FAIL_CLOSED
2026-09-19T17:26:22.775Z,usdai,OBSERVATORY_HAIRCUT,45.0,0.000000,37010.00,0.25,FAIL_CLOSED
2026-09-19T17:31:51.292Z,gmx,SOIL_RESISTANCE_TRIP,3.3,0.000000,14588.00,0.25,FAIL_CLOSED
2026-09-19T17:37:19.810Z,gmx,SOIL_RESISTANCE_TRIP,5.5,0.000000,8505.00,0.25,FAIL_CLOSED
2026-09-19T17:42:48.327Z,gmx,OBSERVATORY_HAIRCUT,44.8,0.000000,42268.00,0.25,FAIL_CLOSED
2026-09-19T17:48:16.844Z,usdai,OBSERVATORY_HAIRCUT,40.3,0.000000,24021.00,0.25,FAIL_CLOSED
2026-09-19T17:53:45.361Z,gmx,OBSERVATORY_HAIRCUT,42.2,0.000000,35773.00,0.25,FAIL_CLOSED
2026-09-19T17:59:13.878Z,gmx,MAX_ATTEMPTS_SEVERED,13.1,0.000000,48351.00,0.25,FAIL_CLOSED
2026-09-19T18:04:42.395Z,hyperliquid,SOIL_RESISTANCE_TRIP,2.8,0.000000,8093.00,0.25,FAIL_CLOSED
2026-09-19T18:10:10.912Z,hyperliquid,HONEYPOT_DECOY,16.3,0.000000,8505.00,0.25,FAIL_CLOSED
2026-09-19T18:15:39.429Z,hyperliquid,SOIL_RESISTANCE_TRIP,7.1,0.000000,5928.00,0.25,FAIL_CLOSED
2026-09-19T18:21:07.946Z,usdai,OBSERVATORY_HAIRCUT,39.5,0.000000,34536.00,0.25,FAIL_CLOSED
2026-09-19T18:26:36.464Z,gmx,OBSERVATORY_HAIRCUT,41.8,0.000000,46289.00,0.25,FAIL_CLOSED
2026-09-19T18:32:04.981Z,usdai,HONEYPOT_DECOY,18.3,0.000000,6340.00,0.25,FAIL_CLOSED
2026-09-19T18:37:33.498Z,pendle,MAX_ATTEMPTS_SEVERED,7.8,0.000000,43196.00,0.25,FAIL_CLOSED
2026-09-19T18:43:02.015Z,pendle,MAX_ATTEMPTS_SEVERED,10.1,0.000000,31031.00,0.25,FAIL_CLOSED
2026-09-19T18:48:30.532Z,usdai,OBSERVATORY_HAIRCUT,43.8,0.000000,33299.00,0.25,FAIL_CLOSED
2026-09-19T18:53:59.049Z,usdai,OBSERVATORY_HAIRCUT,39.1,0.000000,45052.00,0.25,FAIL_CLOSED
2026-09-19T18:59:27.566Z,gmx,SOIL_RESISTANCE_TRIP,4.1,0.000000,7268.00,0.25,FAIL_CLOSED
2026-09-19T19:04:56.083Z,gmx,OBSERVATORY_HAIRCUT,43.3,0.000000,38557.00,0.25,FAIL_CLOSED
2026-09-19T19:10:24.600Z,gmx,SOIL_RESISTANCE_TRIP,1.6,0.000000,5103.00,0.25,FAIL_CLOSED
2026-09-19T19:15:53.118Z,gmx,OBSERVATORY_HAIRCUT,41.0,0.000000,32062.00,0.25,FAIL_CLOSED
2026-09-19T19:21:21.635Z,gmx,MAX_ATTEMPTS_SEVERED,11.7,0.000000,45876.00,0.25,FAIL_CLOSED
2026-09-19T19:26:50.152Z,gmx,MAX_ATTEMPTS_SEVERED,14.0,0.000000,33711.00,0.25,FAIL_CLOSED
2026-09-19T19:32:18.669Z,hyperliquid,HONEYPOT_DECOY,14.8,0.000000,7887.00,0.25,FAIL_CLOSED
2026-09-19T19:37:47.186Z,variational,SOIL_RESISTANCE_TRIP,5.6,0.000000,14691.00,0.25,FAIL_CLOSED
2026-09-19T19:43:15.703Z,hyperliquid,MAX_ATTEMPTS_SEVERED,13.7,0.000000,37216.00,0.25,FAIL_CLOSED
2026-09-19T19:48:44.220Z,variational,OBSERVATORY_HAIRCUT,40.3,0.000000,42577.00,0.25,FAIL_CLOSED
2026-09-19T19:54:12.737Z,usdai,SOIL_RESISTANCE_TRIP,5.4,0.000000,6443.00,0.25,FAIL_CLOSED
2026-09-19T19:59:41.254Z,gmx,SOIL_RESISTANCE_TRIP,7.6,0.000000,10361.00,0.25,FAIL_CLOSED
2026-09-19T20:05:09.771Z,pendle,MAX_ATTEMPTS_SEVERED,8.7,0.000000,48557.00,0.25,FAIL_CLOSED
2026-09-19T20:10:38.289Z,variational,HONEYPOT_DECOY,16.6,0.000000,6598.00,0.25,FAIL_CLOSED
2026-09-19T20:16:06.806Z,usdai,OBSERVATORY_HAIRCUT,44.3,0.000000,41340.00,0.25,FAIL_CLOSED
2026-09-19T20:21:35.323Z,gmx,SOIL_RESISTANCE_TRIP,2.6,0.000000,6031.00,0.25,FAIL_CLOSED
2026-09-19T20:27:03.840Z,gmx,SOIL_RESISTANCE_TRIP,4.9,0.000000,9948.00,0.25,FAIL_CLOSED
2026-09-19T20:32:32.357Z,gmx,OBSERVATORY_HAIRCUT,44.2,0.000000,46598.00,0.25,FAIL_CLOSED
2026-09-19T20:38:00.874Z,usdai,OBSERVATORY_HAIRCUT,39.6,0.000000,28351.00,0.25,FAIL_CLOSED
2026-09-19T20:43:29.391Z,gmx,OBSERVATORY_HAIRCUT,41.6,0.000000,40103.00,0.25,FAIL_CLOSED
2026-09-19T20:48:57.908Z,gmx,MAX_ATTEMPTS_SEVERED,12.5,0.000000,31237.00,0.25,FAIL_CLOSED
2026-09-19T20:54:26.425Z,hyperliquid,SOIL_RESISTANCE_TRIP,2.2,0.000000,9536.00,0.25,FAIL_CLOSED
2026-09-19T20:59:54.943Z,hyperliquid,HONEYPOT_DECOY,15.5,0.000000,9227.00,0.25,FAIL_CLOSED
2026-09-19T21:05:23.460Z,hyperliquid,SOIL_RESISTANCE_TRIP,6.4,0.000000,7371.00,0.25,FAIL_CLOSED
2026-09-19T21:10:51.977Z,usdai,OBSERVATORY_HAIRCUT,39.1,0.000000,38866.00,0.25,FAIL_CLOSED
2026-09-19T21:16:20.494Z,gmx,OBSERVATORY_HAIRCUT,41.2,0.000000,20619.00,0.25,FAIL_CLOSED
2026-09-19T21:21:49.011Z,usdai,HONEYPOT_DECOY,17.6,0.000000,7062.00,0.25,FAIL_CLOSED
2026-09-19T21:27:17.528Z,pendle,MAX_ATTEMPTS_SEVERED,7.2,0.000000,46082.00,0.25,FAIL_CLOSED
2026-09-19T21:32:46.045Z,pendle,MAX_ATTEMPTS_SEVERED,9.5,0.000000,33918.00,0.25,FAIL_CLOSED
2026-09-19T21:38:14.562Z,gmx,SOIL_RESISTANCE_TRIP,5.9,0.000001,0.00,0.00,ALLOW
2026-09-19T21:43:43.079Z,usdai,OBSERVATORY_HAIRCUT,45.2,0.000000,49381.00,0.25,FAIL_CLOSED
2026-09-19T21:49:11.597Z,gmx,SOIL_RESISTANCE_TRIP,3.5,0.000000,8711.00,0.25,FAIL_CLOSED
2026-09-19T21:54:40.114Z,gmx,OBSERVATORY_HAIRCUT,42.7,0.000000,42887.00,0.25,FAIL_CLOSED
2026-09-19T22:00:08.631Z,gmx,SOIL_RESISTANCE_TRIP,7.7,0.000000,6546.00,0.25,FAIL_CLOSED
2026-09-19T22:05:37.148Z,usdai,OBSERVATORY_HAIRCUT,40.4,0.000000,36392.00,0.25,FAIL_CLOSED
2026-09-19T22:11:05.665Z,gmx,MAX_ATTEMPTS_SEVERED,11.0,0.000000,48763.00,0.25,FAIL_CLOSED
2026-09-19T22:16:34.182Z,gmx,MAX_ATTEMPTS_SEVERED,13.3,0.000000,36598.00,0.25,FAIL_CLOSED
2026-09-19T22:22:02.699Z,hyperliquid,HONEYPOT_DECOY,14.3,0.000000,8608.00,0.25,FAIL_CLOSED
2026-09-19T22:27:31.216Z,variational,SOIL_RESISTANCE_TRIP,5.0,0.000000,6134.00,0.25,FAIL_CLOSED
2026-09-19T22:32:59.733Z,hyperliquid,MAX_ATTEMPTS_SEVERED,13.1,0.000000,40103.00,0.25,FAIL_CLOSED
2026-09-19T22:38:28.251Z,variational,OBSERVATORY_HAIRCUT,39.7,0.000000,46907.00,0.25,FAIL_CLOSED
2026-09-19T22:43:56.768Z,usdai,SOIL_RESISTANCE_TRIP,4.7,0.000000,7887.00,0.25,FAIL_CLOSED
2026-09-19T22:49:25.285Z,gmx,SOIL_RESISTANCE_TRIP,7.0,0.000000,11804.00,0.25,FAIL_CLOSED
2026-09-19T22:54:53.802Z,pendle,MAX_ATTEMPTS_SEVERED,8.1,0.000000,31443.00,0.25,FAIL_CLOSED
2026-09-19T23:00:22.319Z,usdai,OBSERVATORY_HAIRCUT,41.7,0.000000,33918.00,0.25,FAIL_CLOSED
2026-09-19T23:05:50.836Z,usdai,OBSERVATORY_HAIRCUT,43.7,0.000000,45670.00,0.25,FAIL_CLOSED
2026-09-19T23:11:19.353Z,usdai,OBSERVATORY_HAIRCUT,39.2,0.000000,27423.00,0.25,FAIL_CLOSED
2026-09-19T23:16:47.870Z,gmx,SOIL_RESISTANCE_TRIP,4.3,0.000000,11392.00,0.25,FAIL_CLOSED
2026-09-19T23:22:16.387Z,gmx,OBSERVATORY_HAIRCUT,43.4,0.000000,20928.00,0.25,FAIL_CLOSED
2026-09-19T23:27:44.905Z,usdai,OBSERVATORY_HAIRCUT,38.9,0.000000,32680.00,0.25,FAIL_CLOSED
2026-09-19T23:33:13.422Z,gmx,OBSERVATORY_HAIRCUT,41.2,0.000000,44433.00,0.25,FAIL_CLOSED
2026-09-19T23:38:41.939Z,gmx,MAX_ATTEMPTS_SEVERED,11.9,0.000000,34124.00,0.25,FAIL_CLOSED
2026-09-19T23:44:10.456Z,hyperliquid,HONEYPOT_DECOY,19.7,0.000000,7990.00,0.25,FAIL_CLOSED
2026-09-19T23:49:38.973Z,hyperliquid,HONEYPOT_DECOY,14.9,0.000000,9948.00,0.25,FAIL_CLOSED
2026-09-19T23:55:07.490Z,hyperliquid,SOIL_RESISTANCE_TRIP,5.8,0.000000,8814.00,0.25,FAIL_CLOSED
2026-09-20T00:00:36.007Z,usdai,OBSERVATORY_HAIRCUT,45.2,0.000000,43196.00,0.25,FAIL_CLOSED
2026-09-20T00:06:04.524Z,gmx,OBSERVATORY_HAIRCUT,40.5,0.000000,24948.00,0.25,FAIL_CLOSED
2026-09-20T00:11:33.041Z,usdai,HONEYPOT_DECOY,17.0,0.000000,7784.00,0.25,FAIL_CLOSED
2026-09-20T00:17:01.559Z,pendle,MAX_ATTEMPTS_SEVERED,13.4,0.000000,48969.00,0.25,FAIL_CLOSED
2026-09-20T00:22:30.076Z,pendle,MAX_ATTEMPTS_SEVERED,8.8,0.000000,36804.00,0.25,FAIL_CLOSED
2026-09-20T00:27:58.593Z,hyperliquid,MAX_ATTEMPTS_SEVERED,11.1,0.000000,44639.00,0.25,FAIL_CLOSED
2026-09-20T00:33:27.110Z,usdai,OBSERVATORY_HAIRCUT,44.5,0.000000,23711.00,0.25,FAIL_CLOSED
2026-09-20T00:38:55.627Z,gmx,SOIL_RESISTANCE_TRIP,2.8,0.000000,10155.00,0.25,FAIL_CLOSED
2026-09-20T00:44:24.144Z,variational,SOIL_RESISTANCE_TRIP,5.0,0.000000,14072.00,0.25,FAIL_CLOSED
2026-09-20T00:49:52.661Z,gmx,OBSERVATORY_HAIRCUT,44.3,0.000000,28969.00,0.25,FAIL_CLOSED
2026-09-20T00:55:21.178Z,usdai,OBSERVATORY_HAIRCUT,39.8,0.000000,40722.00,0.25,FAIL_CLOSED
2026-09-20T01:00:49.695Z,gmx,MAX_ATTEMPTS_SEVERED,10.4,0.000000,31649.00,0.25,FAIL_CLOSED
2026-09-20T01:06:18.213Z,gmx,MAX_ATTEMPTS_SEVERED,12.6,0.000000,39485.00,0.25,FAIL_CLOSED
2026-09-20T01:11:46.730Z,hyperliquid,HONEYPOT_DECOY,13.7,0.000000,9330.00,0.25,FAIL_CLOSED
2026-09-20T01:17:15.247Z,variational,SOIL_RESISTANCE_TRIP,4.4,0.000000,7577.00,0.25,FAIL_CLOSED
2026-09-20T01:22:43.764Z,hyperliquid,MAX_ATTEMPTS_SEVERED,12.4,0.000000,42990.00,0.25,FAIL_CLOSED
2026-09-20T01:28:12.281Z,variational,OBSERVATORY_HAIRCUT,39.0,0.000000,21237.00,0.25,FAIL_CLOSED
2026-09-20T05:06:04.544Z,gmx,SOIL_RESISTANCE_TRIP,4.3,0.000000,14175.00,0.25,FAIL_CLOSED
2026-09-20T05:06:08.358Z,pendle,SOIL_RESISTANCE_TRIP,36036.7,0.000001,0.00,0.00,ALLOW
2026-09-20T11:26:18.139Z,gmx,SOIL_RESISTANCE_TRIP,81.6,0.000000,11186.00,0.25,FAIL_CLOSED
2026-09-20T11:34:35.579Z,pendle,SOIL_RESISTANCE_TRIP,5605806.7,0.000001,0.00,0.00,ALLOW
2026-09-20T11:35:02.730Z,pendle,SOIL_RESISTANCE_TRIP,12163694.8,0.000001,0.00,0.00,ALLOW
2026-09-20T11:43:43.613Z,gmx,SOIL_RESISTANCE_TRIP,10857.8,0.000000,12010.00,0.25,FAIL_CLOSED
2026-09-20T11:44:20.529Z,gmx,SOIL_RESISTANCE_TRIP,9414.5,0.000000,7784.00,0.25,FAIL_CLOSED
2026-09-20T11:54:21.746Z,pendle,SOIL_RESISTANCE_TRIP,8031315.6,0.000001,0.00,0.00,ALLOW
2026-09-20T11:54:48.210Z,gmx,SOIL_RESISTANCE_TRIP,7022.5,0.000000,7165.00,0.25,FAIL_CLOSED
2026-09-20T12:32:30.456Z,gmx,SOIL_RESISTANCE_TRIP,2.9,0.000000,8402.00,0.25,FAIL_CLOSED
2026-09-20T12:32:57.608Z,gmx,SOIL_RESISTANCE_TRIP,1.9,0.000000,7577.00,0.25,FAIL_CLOSED
2026-09-20T12:34:14.034Z,gmx,SOIL_RESISTANCE_TRIP,2.2,0.000000,6546.00,0.25,FAIL_CLOSED
2026-09-20T12:36:36.379Z,gmx,SOIL_RESISTANCE_TRIP,3.4,0.000000,11289.00,0.25,FAIL_CLOSED
2026-09-20T12:42:32.988Z,gmx,SOIL_RESISTANCE_TRIP,9.3,0.000000,5103.00,0.25,FAIL_CLOSED
2026-09-20T12:42:40.976Z,gmx,SOIL_RESISTANCE_TRIP,22.4,0.000000,8608.00,0.25,FAIL_CLOSED
2026-09-20T12:42:57.500Z,gmx,SOIL_RESISTANCE_TRIP,1.9,0.000000,12113.00,0.25,FAIL_CLOSED
2026-09-20T12:48:46.174Z,gmx,SOIL_RESISTANCE_TRIP,3.3,0.000000,7887.00,0.25,FAIL_CLOSED
2026-09-20T12:49:01.448Z,gmx,SOIL_RESISTANCE_TRIP,4.4,0.000000,12526.00,0.25,FAIL_CLOSED
2026-09-20T12:49:25.617Z,gmx,SOIL_RESISTANCE_TRIP,2.5,0.000000,14175.00,0.25,FAIL_CLOSED
2026-09-20T12:49:30.870Z,gmx,SOIL_RESISTANCE_TRIP,3.6,0.000000,5722.00,0.25,FAIL_CLOSED
2026-09-20T12:50:20.469Z,gmx,SOIL_RESISTANCE_TRIP,3.1,0.000000,9021.00,0.25,FAIL_CLOSED
2026-09-20T12:54:19.968Z,gmx,SOIL_RESISTANCE_TRIP,6.4,0.000000,9639.00,0.25,FAIL_CLOSED
2026-09-20T12:54:41.583Z,gmx,SOIL_RESISTANCE_TRIP,2.0,0.000000,7990.00,0.25,FAIL_CLOSED
2026-09-20T12:57:15.605Z,gmx,SOIL_RESISTANCE_TRIP,6.3,0.000000,6546.00,0.25,FAIL_CLOSED
2026-09-20T12:57:39.379Z,gmx,SOIL_RESISTANCE_TRIP,2.7,0.000000,7474.00,0.25,FAIL_CLOSED
2026-09-20T12:58:57.462Z,gmx,SOIL_RESISTANCE_TRIP,2.2,0.000000,7268.00,0.25,FAIL_CLOSED
2026-09-20T13:06:06.805Z,gmx,SOIL_RESISTANCE_TRIP,3.2,0.000000,9433.00,0.25,FAIL_CLOSED
2026-09-20T13:06:09.532Z,gmx,SOIL_RESISTANCE_TRIP,3.8,0.000000,10567.00,0.25,FAIL_CLOSED
2026-09-20T13:09:02.712Z,gmx,SOIL_RESISTANCE_TRIP,2.1,0.000000,14175.00,0.25,FAIL_CLOSED
2026-09-20T13:10:27.740Z,gmx,SOIL_RESISTANCE_TRIP,3.3,0.000000,9948.00,0.25,FAIL_CLOSED
2026-09-20T13:15:49.624Z,gmx,SOIL_RESISTANCE_TRIP,2.0,0.000000,13866.00,0.25,FAIL_CLOSED
2026-09-20T13:16:53.856Z,gmx,SOIL_RESISTANCE_TRIP,2.0,0.000000,5722.00,0.25,FAIL_CLOSED
2026-09-20T13:17:58.001Z,gmx,SOIL_RESISTANCE_TRIP,2.2,0.000000,8608.00,0.25,FAIL_CLOSED
2026-09-20T13:22:08.276Z,gmx,SOIL_RESISTANCE_TRIP,6.9,0.000000,10155.00,0.25,FAIL_CLOSED
2026-09-20T13:22:10.382Z,gmx,SOIL_RESISTANCE_TRIP,3.2,0.000000,7268.00,0.25,FAIL_CLOSED
2026-09-20T13:23:06.389Z,gmx,SOIL_RESISTANCE_TRIP,4.0,0.000000,11186.00,0.25,FAIL_CLOSED
2026-09-20T13:27:07.533Z,pendle,SOIL_RESISTANCE_TRIP,19501852.4,0.000001,0.00,0.00,ALLOW
2026-09-20T13:31:25.822Z,gmx,SOIL_RESISTANCE_TRIP,6.5,0.000000,9124.00,0.25,FAIL_CLOSED
2026-09-20T13:31:27.973Z,pendle,SOIL_RESISTANCE_TRIP,30828.5,0.000001,0.00,0.00,ALLOW
2026-09-20T13:31:31.155Z,gmx,SOIL_RESISTANCE_TRIP,12700.4,0.000001,0.00,0.00,ALLOW
2026-09-20T13:32:42.880Z,pendle,SOIL_RESISTANCE_TRIP,41945692.1,0.000001,0.00,0.00,ALLOW
2026-09-20T13:33:49.189Z,gmx,SOIL_RESISTANCE_TRIP,19526747.2,0.000001,0.00,0.00,ALLOW
2026-09-20T13:37:00.272Z,gmx,SOIL_RESISTANCE_TRIP,5.1,0.000000,8505.00,0.25,FAIL_CLOSED
2026-09-20T13:56:42.161Z,pendle,SOIL_RESISTANCE_TRIP,47523.8,0.000001,0.00,0.00,ALLOW
2026-09-20T13:56:44.735Z,gmx,SOIL_RESISTANCE_TRIP,16977.0,0.000001,0.00,0.00,ALLOW
2026-09-20T13:56:52.017Z,pendle,SOIL_RESISTANCE_TRIP,39348.0,0.000001,0.00,0.00,ALLOW
2026-09-20T13:56:54.660Z,gmx,SOIL_RESISTANCE_TRIP,14776.2,0.000001,0.00,0.00,ALLOW
2026-09-20T13:58:38.773Z,gmx,SOIL_RESISTANCE_TRIP,2.8,0.000000,14588.00,0.25,FAIL_CLOSED
2026-09-20T14:01:09.102Z,gmx,SOIL_RESISTANCE_TRIP,5.4,0.000000,12423.00,0.25,FAIL_CLOSED
2026-09-20T14:04:28.812Z,gmx,SOIL_RESISTANCE_TRIP,6043857.4,0.000001,0.00,0.00,ALLOW
2026-09-20T14:27:39.661Z,gmx,SOIL_RESISTANCE_TRIP,110490.8,0.000001,0.00,0.00,ALLOW
2026-09-20T14:28:36.370Z,gmx,SOIL_RESISTANCE_TRIP,35156854.9,0.000001,0.00,0.00,ALLOW
2026-09-20T14:30:16.798Z,gmx,SOIL_RESISTANCE_TRIP,3.3,0.000000,7268.00,0.25,FAIL_CLOSED
2026-09-20T14:37:16.467Z,gmx,SOIL_RESISTANCE_TRIP,3.5,0.000000,12113.00,0.25,FAIL_CLOSED
2026-09-20T14:37:19.141Z,pendle,SOIL_RESISTANCE_TRIP,48707.2,0.000001,0.00,0.00,ALLOW
2026-09-20T14:37:21.924Z,gmx,SOIL_RESISTANCE_TRIP,42813.1,0.000001,0.00,0.00,ALLOW
2026-09-20T14:39:06.562Z,pendle,SOIL_RESISTANCE_TRIP,499696669.9,0.000001,0.00,0.00,ALLOW
2026-09-20T14:49:49.013Z,gmx,SOIL_RESISTANCE_TRIP,8.5,0.000000,14175.00,0.25,FAIL_CLOSED
2026-09-20T14:51:51.224Z,gmx,SOIL_RESISTANCE_TRIP,2.1,0.000000,13247.00,0.25,FAIL_CLOSED
2026-09-20T14:53:15.288Z,gmx,SOIL_RESISTANCE_TRIP,5.8,0.000000,9639.00,0.25,FAIL_CLOSED
2026-09-20T14:53:57.380Z,pendle,SOIL_RESISTANCE_TRIP,29130705.4,0.000001,0.00,0.00,ALLOW
2026-09-20T14:54:27.331Z,gmx,SOIL_RESISTANCE_TRIP,1.8,0.000000,6753.00,0.25,FAIL_CLOSED
2026-09-20T14:55:03.482Z,gmx,SOIL_RESISTANCE_TRIP,3.2,0.000000,13660.00,0.25,FAIL_CLOSED
2026-09-21T00:55:52.946Z,gmx,SOIL_RESISTANCE_TRIP,47126.6,0.000001,0.00,0.00,ALLOW
2026-09-21T02:24:50.922Z,gmx,SOIL_RESISTANCE_TRIP,6.4,0.000000,10052.00,0.25,FAIL_CLOSED
2026-09-21T02:27:10.948Z,gmx,SOIL_RESISTANCE_TRIP,10402150.4,0.000001,0.00,0.00,ALLOW
2026-09-21T02:36:01.091Z,gmx,SOIL_RESISTANCE_TRIP,1.7,0.000000,9639.00,0.25,FAIL_CLOSED
2026-09-21T02:36:01.342Z,gmx,SOIL_RESISTANCE_TRIP,13873.4,0.000000,5515.00,0.25,FAIL_CLOSED
2026-09-21T02:36:08.010Z,gmx,SOIL_RESISTANCE_TRIP,2.9,0.000000,12938.00,0.25,FAIL_CLOSED
2026-09-21T02:36:09.300Z,gmx,SOIL_RESISTANCE_TRIP,16250.7,0.000000,5928.00,0.25,FAIL_CLOSED
2026-09-21T02:50:18.469Z,gmx,SOIL_RESISTANCE_TRIP,26531.4,0.000001,0.00,0.00,ALLOW
2026-09-21T02:50:38.868Z,gmx,SOIL_RESISTANCE_TRIP,5814826.6,0.000001,0.00,0.00,ALLOW
2026-09-21T07:33:29.431Z,gmx,SOIL_RESISTANCE_TRIP,4.1,0.000000,14691.00,0.25,FAIL_CLOSED
2026-09-21T07:57:49.219Z,gmx,SOIL_RESISTANCE_TRIP,14484.8,0.000000,8299.00,0.25,FAIL_CLOSED
2026-09-21T08:01:59.469Z,gmx,SOIL_RESISTANCE_TRIP,18234.7,0.000001,0.00,0.00,ALLOW
2026-09-21T08:02:32.403Z,gmx,SOIL_RESISTANCE_TRIP,16726.5,0.000000,12526.00,0.25,FAIL_CLOSED
2026-09-21T08:06:08.811Z,gmx,SOIL_RESISTANCE_TRIP,16802.3,0.000001,0.00,0.00,ALLOW
2026-09-21T08:06:15.355Z,gmx,SOIL_RESISTANCE_TRIP,21103.6,0.000000,7268.00,0.25,FAIL_CLOSED
2026-09-21T08:06:16.586Z,pendle,SOIL_RESISTANCE_TRIP,22898.1,0.000001,0.00,0.00,ALLOW
2026-09-21T08:06:21.592Z,pendle,SOIL_RESISTANCE_TRIP,20666.0,0.000000,10258.00,0.25,FAIL_CLOSED
2026-09-21T08:09:12.575Z,variational,SOIL_RESISTANCE_TRIP,11099.8,0.000000,7371.00,0.25,FAIL_CLOSED
2026-09-21T08:09:42.270Z,gmx,SOIL_RESISTANCE_TRIP,14696.7,0.000000,8711.00,0.25,FAIL_CLOSED
2026-09-21T08:09:43.269Z,pendle,SOIL_RESISTANCE_TRIP,20895.2,0.000000,11701.00,0.25,FAIL_CLOSED
2026-09-21T08:16:21.470Z,pendle,SOIL_RESISTANCE_TRIP,28782.4,0.000000,13351.00,0.25,FAIL_CLOSED
2026-09-21T08:16:31.286Z,pendle,SOIL_RESISTANCE_TRIP,25631.8,0.000000,5309.00,0.25,FAIL_CLOSED
2026-09-21T08:22:58.209Z,pendle,SOIL_RESISTANCE_TRIP,18400.2,0.000000,14278.00,0.25,FAIL_CLOSED
2026-09-22T01:34:57.036Z,gmx,SOIL_RESISTANCE_TRIP,1.6,0.000000,8505.00,0.25,FAIL_CLOSED
2026-09-22T01:34:58.657Z,gmx,SOIL_RESISTANCE_TRIP,15146.2,0.000000,5619.00,0.25,FAIL_CLOSED
2026-09-22T01:35:03.085Z,pendle,SOIL_RESISTANCE_TRIP,16488.2,0.000001,0.00,0.00,ALLOW
2026-09-22T01:35:04.369Z,gmx,SOIL_RESISTANCE_TRIP,19027.9,0.000001,0.00,0.00,ALLOW
2026-09-22T01:35:13.599Z,gmx,SOIL_RESISTANCE_TRIP,1.7,0.000000,6031.00,0.25,FAIL_CLOSED
2026-09-22T01:35:17.841Z,gmx,SOIL_RESISTANCE_TRIP,1.6,0.000000,13351.00,0.25,FAIL_CLOSED
2026-09-22T01:35:19.179Z,gmx,SOIL_RESISTANCE_TRIP,18162.5,0.000000,11289.00,0.25,FAIL_CLOSED
2026-09-22T01:35:23.129Z,pendle,SOIL_RESISTANCE_TRIP,28846.8,0.000001,0.00,0.00,ALLOW
2026-09-22T01:35:24.402Z,gmx,SOIL_RESISTANCE_TRIP,15489.6,0.000001,0.00,0.00,ALLOW
2026-09-22T01:35:29.073Z,gmx,SOIL_RESISTANCE_TRIP,19.2,0.000000,11289.00,0.25,FAIL_CLOSED
2026-09-22T01:35:30.352Z,gmx,SOIL_RESISTANCE_TRIP,12990.5,0.000000,13144.00,0.25,FAIL_CLOSED
2026-09-22T01:35:33.946Z,pendle,SOIL_RESISTANCE_TRIP,14280.6,0.000001,0.00,0.00,ALLOW
2026-09-22T01:35:35.189Z,gmx,SOIL_RESISTANCE_TRIP,23063.4,0.000001,0.00,0.00,ALLOW
2026-09-22T07:07:02.243Z,hyperliquid,SOIL_RESISTANCE_TRIP,36100.0,0.000001,0.00,0.00,ALLOW
2026-09-23T08:19:14.424Z,pendle,SOIL_RESISTANCE_TRIP,343075225.7,0.000001,0.00,0.00,ALLOW
2026-09-23T08:23:08.453Z,gmx,SOIL_RESISTANCE_TRIP,140425466.5,0.000001,0.00,0.00,ALLOW
