case_id,set_type,venue,expected_verdict,actual_verdict,is_correct,reflex_latency_us,tpr_rate,fpr_rate,hardware_spec,timestamp
toxic-infinite-approve-erc20,toxic,gmx,block,block,true,37.144,100.0,0.0,AMD EPYC 7763 64-Core Processor|4c|x64|linux|v22.23.3,2026-10-05T00:02:36.962Z
toxic-permit2-infinite-approve,toxic,gmx,block,block,true,13.953,100.0,0.0,AMD EPYC 7763 64-Core Processor|4c|x64|linux|v22.23.3,2026-10-05T00:02:36.962Z
toxic-domain-drift-eip712,toxic,pendle,block,block,true,42.543,100.0,0.0,AMD EPYC 7763 64-Core Processor|4c|x64|linux|v22.23.3,2026-10-05T00:02:36.962Z
toxic-ai-4th-strike-retry,toxic,hyperliquid,block,block,true,25.015,100.0,0.0,AMD EPYC 7763 64-Core Processor|4c|x64|linux|v22.23.3,2026-10-05T00:02:36.962Z
toxic-gmx-oi-skew,toxic,gmx,block,block,true,23.493,100.0,0.0,AMD EPYC 7763 64-Core Processor|4c|x64|linux|v22.23.3,2026-10-05T00:02:36.962Z
toxic-pendle-oracle-lag,toxic,pendle,block,block,true,43.463,100.0,0.0,AMD EPYC 7763 64-Core Processor|4c|x64|linux|v22.23.3,2026-10-05T00:02:36.962Z
toxic-usdai-peg-drift,toxic,usdai,block,block,true,48.492,100.0,0.0,AMD EPYC 7763 64-Core Processor|4c|x64|linux|v22.23.3,2026-10-05T00:02:36.962Z
toxic-usdai-oracle-stale,toxic,usdai,block,block,true,23.483,100.0,0.0,AMD EPYC 7763 64-Core Processor|4c|x64|linux|v22.23.3,2026-10-05T00:02:36.962Z
toxic-hyperliquid-spread-jitter,toxic,hyperliquid,block,block,true,15.015,100.0,0.0,AMD EPYC 7763 64-Core Processor|4c|x64|linux|v22.23.3,2026-10-05T00:02:36.962Z
toxic-hyperliquid-session-velocity,toxic,hyperliquid,block,block,true,35.015,100.0,0.0,AMD EPYC 7763 64-Core Processor|4c|x64|linux|v22.23.3,2026-10-05T00:02:36.962Z
toxic-variational-stale-quote,toxic,variational,block,block,true,38.473,100.0,0.0,AMD EPYC 7763 64-Core Processor|4c|x64|linux|v22.23.3,2026-10-05T00:02:36.962Z
toxic-variational-olp-threshold,toxic,variational,block,block,true,39.483,100.0,0.0,AMD EPYC 7763 64-Core Processor|4c|x64|linux|v22.23.3,2026-10-05T00:02:36.962Z
toxic-soil-cross-venue,toxic,hyperliquid,block,block,true,31.014,100.0,0.0,AMD EPYC 7763 64-Core Processor|4c|x64|linux|v22.23.3,2026-10-05T00:02:36.962Z
toxic-pendle-gmx-open-thin-liquidity,toxic,pendle,block,block,true,32.403,100.0,0.0,AMD EPYC 7763 64-Core Processor|4c|x64|linux|v22.23.3,2026-10-05T00:02:36.962Z
toxic-venue-drift-contract,toxic,variational,block,block,true,59.443,100.0,0.0,AMD EPYC 7763 64-Core Processor|4c|x64|linux|v22.23.3,2026-10-05T00:02:36.962Z
toxic-shallow-depth-honeypot,toxic,gmx,block,block,true,35.453,100.0,0.0,AMD EPYC 7763 64-Core Processor|4c|x64|linux|v22.23.3,2026-10-05T00:02:36.962Z
benign-normal-transfer-gmx,benign,gmx,allow,allow,true,25.433,100.0,0.0,AMD EPYC 7763 64-Core Processor|4c|x64|linux|v22.23.3,2026-10-05T00:02:36.962Z
benign-gmx-increase,benign,gmx,allow,allow,true,23.442,100.0,0.0,AMD EPYC 7763 64-Core Processor|4c|x64|linux|v22.23.3,2026-10-05T00:02:36.962Z
benign-gmx-decrease,benign,gmx,allow,allow,true,40.433,100.0,0.0,AMD EPYC 7763 64-Core Processor|4c|x64|linux|v22.23.3,2026-10-05T00:02:36.962Z
benign-pendle-swap,benign,pendle,allow,allow,true,38.423,100.0,0.0,AMD EPYC 7763 64-Core Processor|4c|x64|linux|v22.23.3,2026-10-05T00:02:36.962Z
benign-usdai-vault-deposit,benign,usdai,allow,allow,true,50.452,100.0,0.0,AMD EPYC 7763 64-Core Processor|4c|x64|linux|v22.23.3,2026-10-05T00:02:36.962Z
benign-usdai-peg-stable,benign,usdai,allow,allow,true,37.443,100.0,0.0,AMD EPYC 7763 64-Core Processor|4c|x64|linux|v22.23.3,2026-10-05T00:02:36.962Z
benign-hyperliquid-rfq-clean,benign,hyperliquid,allow,allow,true,17.014,100.0,0.0,AMD EPYC 7763 64-Core Processor|4c|x64|linux|v22.23.3,2026-10-05T00:02:36.962Z
benign-hyperliquid-session-key,benign,hyperliquid,allow,allow,true,26.014,100.0,0.0,AMD EPYC 7763 64-Core Processor|4c|x64|linux|v22.23.3,2026-10-05T00:02:36.962Z
benign-variational-trade-clean,benign,variational,allow,allow,true,65.452,100.0,0.0,AMD EPYC 7763 64-Core Processor|4c|x64|linux|v22.23.3,2026-10-05T00:02:36.962Z
benign-variational-rfq-normal,benign,variational,allow,allow,true,47.442,100.0,0.0,AMD EPYC 7763 64-Core Processor|4c|x64|linux|v22.23.3,2026-10-05T00:02:36.962Z
benign-trusted-infinite-approve,benign,gmx,allow,allow,true,46.442,100.0,0.0,AMD EPYC 7763 64-Core Processor|4c|x64|linux|v22.23.3,2026-10-05T00:02:36.962Z
benign-observatory-emergency-close,benign,pendle,allow,allow,true,30.443,100.0,0.0,AMD EPYC 7763 64-Core Processor|4c|x64|linux|v22.23.3,2026-10-05T00:02:36.962Z
benign-observatory-reduce-position,benign,pendle,allow,allow,true,39.443,100.0,0.0,AMD EPYC 7763 64-Core Processor|4c|x64|linux|v22.23.3,2026-10-05T00:02:36.962Z
benign-eip712-allowlisted-permit,benign,pendle,allow,allow,true,38.453,100.0,0.0,AMD EPYC 7763 64-Core Processor|4c|x64|linux|v22.23.3,2026-10-05T00:02:36.962Z
benign-gmx-healthy-open,benign,gmx,allow,allow,true,17.442,100.0,0.0,AMD EPYC 7763 64-Core Processor|4c|x64|linux|v22.23.3,2026-10-05T00:02:36.962Z
